Name;Year;Type;Categorie;Sexe;Bow;Value
Junior Femme Bare Bow;2004;Campagne;J;F;BB;1288
Cadet Homme Bare Bow;2004;Campagne;C;H;BB;1220
Senior Femme Bare Bow;2004;Campagne;S;F;BB;1212
Senior Homme Bare Bow;2004;Campagne;S;H;BB;1210
Vétéran Femme Bare Bow;2004;Campagne;V;F;BB;1219
Vétéran Homme Bare Bow;2004;Campagne;V;H;BB;1215
Benjamin Femme Classique;2004;Campagne;B;F;CL;1285
Benjamin Homme Classique;2004;Campagne;B;H;CL;1286
Minime Femme Classique;2004;Campagne;M;F;CL;1213
Minime Homme Classique;2004;Campagne;M;H;CL;1209
Cadet Femme Classique;2004;Campagne;C;F;CL;1217
Cadet Homme Classique;2004;Campagne;C;H;CL;1221
Junior Femme Classique;2004;Campagne;J;F;CL;1206
Junior Homme Classique;2004;Campagne;J;H;CL;1208
Senior Femme Classique;2004;Campagne;S;F;CL;1203
Senior Homme Classique;2004;Campagne;S;H;CL;1205
Vétéran Femme Classique;2004;Campagne;V;F;CL;1218
Vétéran Homme Classique;2004;Campagne;V;H;CL;1214
Senior Homme Arc Droit;2004;Campagne;S;H;AD;1334
Minime Homme Arc Chasse;2004;Campagne;M;H;AC;1336
Senior Homme Arc Chasse;2004;Campagne;S;H;AC;1223
Vétéran Homme Arc Chasse;2004;Campagne;V;H;AC;1335
Junior Homme Poulies;2004;Campagne;J;H;CO;1216
Cadet Femme Poulies;2004;Campagne;C;F;CO;1287
Senior Femme Poulies;2004;Campagne;S;F;CO;1211
Senior Homme Poulies;2004;Campagne;S;H;CO;1207
Vétéran Femme Poulies;2004;Campagne;V;F;CO;1222
Vétéran Homme Poulies;2004;Campagne;V;H;CO;1204
Benjamin Femme Classique;2004;Nature;B;F;CL;1310
Benjamin Homme Classique;2004;Nature;B;H;CL;1153
Minime Femme Classique;2004;Nature;M;F;CL;1150
Minime Homme Classique;2004;Nature;M;H;CL;1154
Cadet Femme Classique;2004;Nature;C;F;CL;1156
Cadet Homme Classique;2004;Nature;C;H;CL;1157
Junior Femme Classique;2004;Nature;J;F;CL;1133
Junior Homme Classique;2004;Nature;J;H;CL;1139
Senior Femme Classique;2004;Nature;S;F;CL;1142
Senior Homme Classique;2004;Nature;S;H;CL;1138
Vétéran Femme Classique;2004;Nature;V;F;CL;1143
Vétéran Homme Classique;2004;Nature;V;H;CL;1147
Senior Femme Arc Droit;2004;Nature;S;F;AD;1141
Vétéran Homme Arc Droit;2004;Nature;V;H;AD;1146
Senior Homme Arc Chasse;2004;Nature;S;H;AC;1145
Vétéran Femme Arc Chasse;2004;Nature;V;F;AC;1140
Junior Homme Tir Libre;2004;Nature;J;H;AL;1137
Junior Femme Tir Libre;2004;Nature;J;F;AL;1312
Senior Femme Tir Libre;2004;Nature;S;F;AL;1132
Senior Homme Tir Libre;2004;Nature;S;H;AL;1136
Benjamin Femme Poulies;2004;Nature;B;F;CO;1311
Benjamin Homme Poulies;2004;Nature;B;H;CO;1152
Minime Femme Poulies;2004;Nature;M;F;CO;1149
Minime Homme Poulies;2004;Nature;M;H;CO;1151
Cadet Femme Poulies;2004;Nature;C;F;CO;1155
Cadet Homme Poulies;2004;Nature;C;H;CO;1158
Junior Femme Poulies;2004;Nature;J;F;CO;1131
Junior Homme Poulies;2004;Nature;J;H;CO;1135
Senior Femme Poulies;2004;Nature;S;F;CO;1130
Senior Homme Poulies;2004;Nature;S;H;CO;1134
Vétéran Femme Poulies;2004;Nature;V;F;CO;1148
Vétéran Homme Poulies;2004;Nature;V;H;CO;1144
Cadet Femme Bare Bow;2004;Fita;C;F;BB;1547
Super Vétéran Homme Bare Bow;2004;Fita;SV;H;BB;1553
Benjamin Femme Classique;2004;Fita;B;F;CL;1317
Benjamin Homme Classique;2004;Fita;B;H;CL;1289
Minime Femme Classique;2004;Fita;M;F;CL;1294
Minime Homme Classique;2004;Fita;M;H;CL;1295
Cadet Femme Classique;2004;Fita;C;F;CL;1290
Cadet Homme Classique;2004;Fita;C;H;CL;1291
Junior Femme Classique;2004;Fita;J;F;CL;1316
Junior Homme Classique;2004;Fita;J;H;CL;1292
Senior Femme Classique;2004;Fita;S;F;CL;1303
Senior Homme Classique;2004;Fita;S;H;CL;1301
Vétéran Femme Classique;2004;Fita;V;F;CL;1298
Vétéran Homme Classique;2004;Fita;V;H;CL;1299
Super Vétéran Femme Classique;2004;Fita;SV;F;CL;1318
Super Vétéran Homme Classique;2004;Fita;SV;H;CL;1296
Scratch Femme classique;2004;Fita;SC;F;CL;675
Scratch Homme classique;2004;Fita;SC;H;CL;676
Senior Homme Arc Droit;2004;Fita;S;H;AD;1552
Cadet Femme Poulies;2004;Fita;C;F;CO;1315
Junior Homme Poulies;2004;Fita;J;H;CO;1293
Senior Femme Poulies;2004;Fita;S;F;CO;1314
Senior Homme Poulies;2004;Fita;S;H;CO;1302
Vétéran Femme Poulies;2004;Fita;V;F;CO;1313
Vétéran Homme Poulies;2004;Fita;V;H;CO;1300
Super Vétéran Femme Poulies;2004;Fita;SV;F;CO;1319
Super Vétéran Homme Poulies;2004;Fita;SV;H;CO;1297
Scratch Femme poulies;2004;Fita;SC;F;CO;677
Scratch Homme poulies;2004;Fita;SC;H;CO;678
Benjamin Femme Classique;2005;Federal;B;F;CL;1352
Benjamin Homme Classique;2005;Federal;B;H;CL;1167
Minime Femme Classique;2005;Federal;M;F;CL;1183
Minime Homme Classique;2005;Federal;M;H;CL;1165
Cadet Femme Classique;2005;Federal;C;F;CL;1185
Cadet Homme Classique;2005;Federal;C;H;CL;1170
Junior Femme Classique;2005;Federal;J;F;CL;1169
Junior Homme Classique;2005;Federal;J;H;CL;1171
Senior Femme Classique;2005;Federal;S;F;CL;1172
Senior Homme Classique;2005;Federal;S;H;CL;1174
Vétéran Femme Classique;2005;Federal;V;F;CL;1173
Vétéran Homme Classique;2005;Federal;V;H;CL;1178
Super Vétéran Femme Classique;2005;Federal;SV;F;CL;1176
Super Vétéran Homme Classique;2005;Federal;SV;H;CL;1177
Junior Femme Poulies;2005;Federal;J;F;CO;1353
Junior Homme Poulies;2005;Federal;J;H;CO;1184
Senior Femme Poulies;2005;Federal;S;F;CO;1187
Senior Homme Poulies;2005;Federal;S;H;CO;1179
Vétéran Femme Poulies;2005;Federal;V;F;CO;1189
Vétéran Homme Poulies;2005;Federal;V;H;CO;1182
Super Vétéran Femme Poulies;2005;Federal;SV;F;CO;1354
Super Vétéran Homme Poulies;2005;Federal;SV;H;CO;1181
Junior Femme Bare Bow;2005;Campagne;J;F;BB;1242
Junior Homme Bare Bow;2005;Campagne;J;H;BB;1233
Senior Femme Bare Bow;2005;Campagne;S;F;BB;1234
Senior Homme Bare Bow;2005;Campagne;S;H;BB;1202
Vétéran Femme Bare Bow;2005;Campagne;V;F;BB;1228
Vétéran Homme Bare Bow;2005;Campagne;V;H;BB;1201
Scratch Femme Bare Bow;2005;Campagne;SC;F;BB;1247
Scratch Homme Bare Bow;2005;Campagne;SC;H;BB;1248
Benjamin Femme Classique;2005;Campagne;B;F;CL;1190
Benjamin Homme Classique;2005;Campagne;B;H;CL;1229
Minime Femme Classique;2005;Campagne;M;F;CL;1237
Minime Homme Classique;2005;Campagne;M;H;CL;1230
Cadet Femme Classique;2005;Campagne;C;F;CL;1231
Cadet Homme Classique;2005;Campagne;C;H;CL;1191
Junior Femme Classique;2005;Campagne;J;F;CL;1240
Junior Homme Classique;2005;Campagne;J;H;CL;1192
Senior Femme Classique;2005;Campagne;S;F;CL;1195
Senior Homme Classique;2005;Campagne;S;H;CL;1193
Vétéran Femme Classique;2005;Campagne;V;F;CL;1196
Vétéran Homme Classique;2005;Campagne;V;H;CL;1194
Scratch Femme Classique;2005;Campagne;SC;F;CL;1243
Scratch Homme Classique;2005;Campagne;SC;H;CL;1244
Junior Femme Poulies;2005;Campagne;J;F;CO;1347
Junior Homme Poulies;2005;Campagne;J;H;CO;1232
Senior Femme Poulies;2005;Campagne;S;F;CO;1198
Senior Homme Poulies;2005;Campagne;S;H;CO;1197
Vétéran Femme Poulies;2005;Campagne;V;F;CO;1200
Vétéran Homme Poulies;2005;Campagne;V;H;CO;1199
Scratch Femme Poulies;2005;Campagne;SC;F;CO;1245
Scratch Homme Poulies;2005;Campagne;SC;H;CO;1246
Benjamin Femme Classique;2005;Nature;B;F;CL;1008
Benjamin Homme Classique;2005;Nature;B;H;CL;997
Minime Femme Classique;2005;Nature;M;F;CL;1009
Minime Homme Classique;2005;Nature;M;H;CL;996
Cadet Femme Classique;2005;Nature;C;F;CL;1010
Cadet Homme Classique;2005;Nature;C;H;CL;995
Junior Femme Classique;2005;Nature;J;F;CL;1015
Junior Homme Classique;2005;Nature;J;H;CL;994
Senior Femme Classique;2005;Nature;S;F;CL;1011
Senior Homme Classique;2005;Nature;S;H;CL;993
Vétéran Femme Classique;2005;Nature;V;F;CL;1013
Vétéran Homme Classique;2005;Nature;V;H;CL;992
Senior Femme Arc Droit;2005;Nature;S;F;AD;1004
Senior Homme Arc Droit;2005;Nature;S;H;AD;991
Senior Femme Arc Chasse;2005;Nature;S;F;AC;1005
Senior Homme Arc Chasse;2005;Nature;S;H;AC;990
Junior Femme Tir Libre;2005;Nature;J;F;AL;1021
Junior Homme Tir Libre;2005;Nature;J;H;AL;1002
Senior Femme Tir Libre;2005;Nature;S;F;AL;1012
Senior Homme Tir Libre;2005;Nature;S;H;AL;1003
Benjamin Femme Poulies;2005;Nature;B;F;CO;1020
Benjamin Homme Poulies;2005;Nature;B;H;CO;1001
Minime Femme Poulies;2005;Nature;M;F;CO;1016
Minime Homme Poulies;2005;Nature;M;H;CO;1017
Cadet Femme Poulies;2005;Nature;C;F;CO;1018
Cadet Homme Poulies;2005;Nature;C;H;CO;1019
Junior Femme Poulies;2005;Nature;J;F;CO;1014
Junior Homme Poulies;2005;Nature;J;H;CO;1000
Senior Femme Poulies;2005;Nature;S;F;CO;1006
Senior Homme Poulies;2005;Nature;S;H;CO;999
Vétéran Femme Poulies;2005;Nature;V;F;CO;1007
Vétéran Homme Poulies;2005;Nature;V;H;CO;998
Benjamin Femme Classique;2005;Salle;B;F;CL;1113
Benjamin Homme Classique;2005;Salle;B;H;CL;1124
Minime Femme Classique;2005;Salle;M;F;CL;1111
Minime Homme Classique;2005;Salle;M;H;CL;1112
Cadet Femme Classique;2005;Salle;C;F;CL;1109
Cadet Homme Classique;2005;Salle;C;H;CL;1110
Junior Femme Classique;2005;Salle;J;F;CL;1107
Junior Homme Classique;2005;Salle;J;H;CL;1108
Senior Femme Classique;2005;Salle;S;F;CL;1105
Senior Homme Classique;2005;Salle;S;H;CL;1106
Vétéran Femme Classique;2005;Salle;V;F;CL;1114
Vétéran Homme Classique;2005;Salle;V;H;CL;1115
Super Vétéran Femme Classique;2005;Salle;SV;F;CL;1116
Super Vétéran Homme Classique;2005;Salle;SV;H;CL;1117
Junior Femme Poulies;2005;Salle;J;F;CO;1123
Junior Homme Poulies;2005;Salle;J;H;CO;1120
Senior Femme Poulies;2005;Salle;S;F;CO;1118
Senior Homme Poulies;2005;Salle;S;H;CO;1119
Vétéran Femme Poulies;2005;Salle;V;F;CO;1127
Vétéran Homme Poulies;2005;Salle;V;H;CO;1121
Super Vétéran Femme Poulies;2005;Salle;SV;F;CO;1126
Super Vétéran Homme Poulies;2005;Salle;SV;H;CO;1122
Benjamin Femme Classique;2005;Fita;B;F;CL;1355
Benjamin Homme Classique;2005;Fita;B;H;CL;1267
Minime Femme Classique;2005;Fita;M;F;CL;1323
Minime Homme Classique;2005;Fita;M;H;CL;1257
Cadet Femme Classique;2005;Fita;C;F;CL;1325
Cadet Homme Classique;2005;Fita;C;H;CL;1265
Junior Femme Classique;2005;Fita;J;F;CL;1321
Junior Homme Classique;2005;Fita;J;H;CL;1324
Senior Femme Classique;2005;Fita;S;F;CL;1258
Senior Homme Classique;2005;Fita;S;H;CL;1259
Vétéran Femme Classique;2005;Fita;V;F;CL;1366
Vétéran Homme Classique;2005;Fita;V;H;CL;1364
Super Vétéran Femme Classique;2005;Fita;SV;F;CL;1367
Super Vétéran Homme Classique;2005;Fita;SV;H;CL;1365
Scratch Femme classique;2005;Fita;SC;F;CL;1508
Scratch Homme classique;2005;Fita;SC;H;CL;1507
Junior Femme Poulies;2005;Fita;J;F;CO;1326
Junior Homme Poulies;2005;Fita;J;H;CO;1322
Senior Femme Poulies;2005;Fita;S;F;CO;1320
Senior Homme Poulies;2005;Fita;S;H;CO;1261
Vétéran Femme Poulies;2005;Fita;V;F;CO;1368
Vétéran Homme Poulies;2005;Fita;V;H;CO;1260
Super Vétéran Femme Poulies;2005;Fita;SV;F;CO;1369
Super Vétéran Homme Poulies;2005;Fita;SV;H;CO;1263
Scratch Femme poulies;2005;Fita;SC;F;CO;1510
Scratch Homme poulies;2005;Fita;SC;H;CO;1509
Benjamin Femme Classique;2005;3D;B;F;CL;1080
Benjamin Homme Classique;2005;3D;B;H;CL;1052
Minime Femme Classique;2005;3D;M;F;CL;1077
Minime Homme Classique;2005;3D;M;H;CL;1067
Cadet Femme Classique;2005;3D;C;F;CL;1074
Cadet Homme Classique;2005;3D;C;H;CL;1053
Junior Femme Classique;2005;3D;J;F;CL;1076
Junior Homme Classique;2005;3D;J;H;CL;1051
Senior Femme Classique;2005;3D;S;F;CL;1628
Senior Femme Classique;2005;3D;S;F;CL;1072
Senior Homme Classique;2005;3D;S;H;CL;1050
Senior Homme Classique;2005;3D;S;H;CL;1631
Vétéran Femme Classique;2005;3D;V;F;CL;1066
Super Vétéran Homme Classique;2005;3D;SV;H;CL;1634
Vétéran Homme Classique;2005;3D;V;H;CL;1054
Senior Femme Arc Droit;2005;3D;S;F;AD;1065
Senior Homme Arc Droit;2005;3D;S;H;AD;1627
Senior Homme Arc Droit;2005;3D;S;H;AD;1063
Vétéran Femme Arc Droit;2005;3D;V;F;AD;1633
Senior Femme Arc Chasse;2005;3D;S;F;AC;1071
Senior Homme Arc Chasse;2005;3D;S;H;AC;1632
Senior Homme Arc Chasse;2005;3D;S;H;AC;1062
Junior Femme Tir Libre;2005;3D;J;F;AL;1069
Junior Homme Tir Libre;2005;3D;J;H;AL;1070
Senior Femme Tir Libre;2005;3D;S;F;AL;1073
Senior Homme Tir Libre;2005;3D;S;H;AL;1626
Senior Homme Tir Libre;2005;3D;S;H;AL;1061
Benjamin Femme Poulies;2005;3D;B;F;CO;1081
Benjamin Homme Poulies;2005;3D;B;H;CO;1057
Minime Femme Poulies;2005;3D;M;F;CO;1078
Minime Homme Poulies;2005;3D;M;H;CO;1058
Cadet Femme Poulies;2005;3D;C;F;CO;1082
Cadet Homme Poulies;2005;3D;C;H;CO;1059
Junior Femme Poulies;2005;3D;J;F;CO;1075
Junior Homme Poulies;2005;3D;J;H;CO;1056
Senior Femme Poulies;2005;3D;S;F;CO;1064
Senior Homme Poulies;2005;3D;S;H;CO;1629
Senior Homme Poulies;2005;3D;S;H;CO;1055
Vétéran Femme Poulies;2005;3D;V;F;CO;1630
Vétéran Homme Poulies;2005;3D;V;H;CO;1635
Vétéran Femme Poulies;2005;3D;V;F;CO;1079
Vétéran Homme Poulies;2005;3D;V;H;CO;1060
Benjamin Femme Classique;2006;Federal;B;F;CL;1765
Benjamin Homme Classique;2006;Federal;B;H;CL;1766
Minime Femme Classique;2006;Federal;M;F;CL;1767
Minime Homme Classique;2006;Federal;M;H;CL;1768
Cadet Femme Classique;2006;Federal;C;F;CL;1769
Cadet Homme Classique;2006;Federal;C;H;CL;1770
Junior Femme Classique;2006;Federal;J;F;CL;1771
Junior Homme Classique;2006;Federal;J;H;CL;1772
Senior Femme Classique;2006;Federal;S;F;CL;1773
Senior Homme Classique;2006;Federal;S;H;CL;1774
Vétéran Femme Classique;2006;Federal;V;F;CL;1775
Vétéran Homme Classique;2006;Federal;V;H;CL;1776
Super Vétéran Femme Classique;2006;Federal;SV;F;CL;1777
Super Vétéran Homme Classique;2006;Federal;SV;H;CL;1778
Junior Femme Poulies;2006;Federal;J;F;CO;1783
Junior Homme Poulies;2006;Federal;J;H;CO;1784
Senior Femme Poulies;2006;Federal;S;F;CO;1785
Senior Homme Poulies;2006;Federal;S;H;CO;1786
Vétéran Femme Poulies;2006;Federal;V;F;CO;1787
Vétéran Homme Poulies;2006;Federal;V;H;CO;1788
Super Vétéran Femme Poulies;2006;Federal;SV;F;CO;1789
Super Vétéran Homme Poulies;2006;Federal;SV;H;CO;1790
Junior Femme Bare Bow;2006;Campagne;J;F;BB;1961
Junior Homme Bare Bow;2006;Campagne;J;H;BB;1962
Senior Femme Bare Bow;2006;Campagne;S;F;BB;1963
Senior Homme Bare Bow;2006;Campagne;S;H;BB;1964
Vétéran Femme Bare Bow;2006;Campagne;V;F;BB;1965
Vétéran Homme Bare Bow;2006;Campagne;V;H;BB;1966
Scratch Femme Bare Bow;2006;Campagne;SC;F;BB;2060
Scratch Homme Bare Bow;2006;Campagne;SC;H;BB;2061
Benjamin Femme Classique;2006;Campagne;B;F;CL;1933
Benjamin Homme Classique;2006;Campagne;B;H;CL;1934
Minime Femme Classique;2006;Campagne;M;F;CL;1935
Minime Homme Classique;2006;Campagne;M;H;CL;1936
Cadet Femme Classique;2006;Campagne;C;F;CL;1937
Cadet Homme Classique;2006;Campagne;C;H;CL;1938
Junior Femme Classique;2006;Campagne;J;F;CL;1939
Junior Homme Classique;2006;Campagne;J;H;CL;1940
Senior Femme Classique;2006;Campagne;S;F;CL;1941
Senior Homme Classique;2006;Campagne;S;H;CL;1942
Vétéran Femme Classique;2006;Campagne;V;F;CL;1943
Vétéran Homme Classique;2006;Campagne;V;H;CL;1944
Scratch Femme Classique;2006;Campagne;SC;F;CL;2062
Scratch Homme Classique;2006;Campagne;SC;H;CL;2063
Junior Femme Poulies;2006;Campagne;J;F;CO;1949
Junior Homme Poulies;2006;Campagne;J;H;CO;1950
Senior Femme Poulies;2006;Campagne;S;F;CO;1951
Senior Homme Poulies;2006;Campagne;S;H;CO;1952
Vétéran Femme Poulies;2006;Campagne;V;F;CO;1953
Vétéran Homme Poulies;2006;Campagne;V;H;CO;1954
Scratch Femme Poulies;2006;Campagne;SC;F;CO;2064
Scratch Homme Poulies;2006;Campagne;SC;H;CO;2065
Benjamin Femme Bare Bow;2006;Nature;B;F;BB;1572
Benjamin Homme Bare Bow;2006;Nature;B;H;BB;1573
Minime Femme Bare Bow;2006;Nature;M;F;BB;1574
Minime Homme Bare Bow;2006;Nature;M;H;BB;1575
Cadet Femme Bare Bow;2006;Nature;C;F;BB;1576
Cadet Homme Bare Bow;2006;Nature;C;H;BB;1577
Junior Femme Bare Bow;2006;Nature;J;F;BB;1578
Junior Homme Bare Bow;2006;Nature;J;H;BB;1579
Sénior Femme Bare Bow;2006;Nature;S;F;BB;1580
Sénior Homme Bare Bow;2006;Nature;S;H;BB;1581
Vétéran Femme Bare Bow;2006;Nature;V;F;BB;1582
Vétéran Homme Bare Bow;2006;Nature;V;H;BB;1583
Sénior Femme Arc Droit;2006;Nature;S;F;AD;1584
Sénior Homme Arc Droit;2006;Nature;S;H;AD;1585
Sénior Femme Arc Chasse;2006;Nature;S;F;AC;1586
Sénior Homme Arc Chasse;2006;Nature;S;H;AC;1587
Junior Femme Arc Libre;2006;Nature;J;F;AL;1588
Junior Homme Arc Libre;2006;Nature;J;H;AL;1589
Sénior Femme Arc Libre;2006;Nature;S;F;AL;1590
Sénior Homme Arc Libre;2006;Nature;S;H;AL;1591
Benjamin Femme Poulies Nu;2006;Nature;B;F;PN;1592
Benjamin Homme Poulies Nu;2006;Nature;B;H;PN;1593
Minime Femme Poulies Nu;2006;Nature;M;F;PN;1594
Minime Homme Poulies Nu;2006;Nature;M;H;PN;1595
Cadet Femme Poulies Nu;2006;Nature;C;F;PN;1596
Cadet Homme Poulies Nu;2006;Nature;C;H;PN;1597
Junior Femme Poulies Nu;2006;Nature;J;F;PN;1598
Junior Homme Poulies Nu;2006;Nature;J;H;PN;1599
Sénior Femme Poulies Nu;2006;Nature;S;F;PN;1600
Sénior Homme Poulies Nu;2006;Nature;S;H;PN;1601
Vétéran Femme Poulies Nu;2006;Nature;V;F;PN;1602
Vétéran Homme Poulies Nu;2006;Nature;V;H;PN;1603
Senior Femme Bare Bow;2006;Salle;S;F;BB;2057
Senior Homme Bare Bow;2006;Salle;S;H;BB;2058
Benjamin Femme Classique;2006;Salle;B;F;CL;2031
Benjamin Homme Classique;2006;Salle;B;H;CL;2032
Minime Femme Classique;2006;Salle;M;F;CL;2033
Minime Homme Classique;2006;Salle;M;H;CL;2034
Cadet Femme Classique;2006;Salle;C;F;CL;2035
Cadet Homme Classique;2006;Salle;C;H;CL;2036
Junior Femme Classique;2006;Salle;J;F;CL;2037
Junior Homme Classique;2006;Salle;J;H;CL;2038
Senior Femme Classique;2006;Salle;S;F;CL;2039
Senior Homme Classique;2006;Salle;S;H;CL;2040
Vétéran Femme Classique;2006;Salle;V;F;CL;2041
Vétéran Homme Classique;2006;Salle;V;H;CL;2042
Super Vétéran Femme Classique;2006;Salle;SV;F;CL;2043
Super Vétéran Homme Classique;2006;Salle;SV;H;CL;2044
Junior Femme Poulies;2006;Salle;J;F;CO;2049
Junior Homme Poulies;2006;Salle;J;H;CO;2050
Senior Femme Poulies;2006;Salle;S;F;CO;2051
Senior Homme Poulies;2006;Salle;S;H;CO;2052
Vétéran Femme Poulies;2006;Salle;V;F;CO;2053
Vétéran Homme Poulies;2006;Salle;V;H;CO;2054
Super Vétéran Femme Poulies;2006;Salle;SV;F;CO;2055
Super Vétéran Homme Poulies;2006;Salle;SV;H;CO;2056
Benjamin Femme Classique;2006;Fita;B;F;CL;1690
Benjamin Homme Classique;2006;Fita;B;H;CL;1691
Minime Femme Classique;2006;Fita;M;F;CL;1692
Minime Homme Classique;2006;Fita;M;H;CL;1693
Cadet Femme Classique;2006;Fita;C;F;CL;1694
Cadet Homme Classique;2006;Fita;C;H;CL;1695
Junior Femme Classique;2006;Fita;J;F;CL;1696
Junior Homme Classique;2006;Fita;J;H;CL;1697
Senior Femme Classique;2006;Fita;S;F;CL;1698
Senior Homme Classique;2006;Fita;S;H;CL;1699
Vétéran Femme Classique;2006;Fita;V;F;CL;1700
Vétéran Homme Classique;2006;Fita;V;H;CL;1701
Super Vétéran Femme Classique;2006;Fita;SV;F;CL;2141
Super Vétéran Homme Classique;2006;Fita;SV;H;CL;2142
Scratch Femme Classique;2006;Fita;SC;F;CL;2066
Scratch Homme Classique;2006;Fita;SC;H;CL;2067
Junior Femme Poulies;2006;Fita;J;F;CO;1706
Junior Homme Poulies;2006;Fita;J;H;CO;1707
Senior Femme Poulies;2006;Fita;S;F;CO;1708
Senior Homme Poulies;2006;Fita;S;H;CO;1709
Vétéran Femme Poulies;2006;Fita;V;F;CO;1710
Vétéran Homme Poulies;2006;Fita;V;H;CO;1711
Super Vétéran Femme Poulies;2006;Fita;SV;F;CO;1712
Super Vétéran Homme Poulies;2006;Fita;SV;H;CO;1713
Scratch Femme Poulies;2006;Fita;SC;F;CO;2068
Scratch Homme Poulies;2006;Fita;SC;H;CO;2069
Benjamin Femme Bare Bow;2006;3D;B;F;BB;1845
Benjamin Homme Bare Bow;2006;3D;B;H;BB;1846
Minime Femme Bare Bow;2006;3D;M;F;BB;1847
Minime Homme Bare Bow;2006;3D;M;H;BB;1848
Cadet Femme Bare Bow;2006;3D;C;F;BB;1849
Cadet Homme Bare Bow;2006;3D;C;H;BB;1850
Junior Femme Bare Bow;2006;3D;J;F;BB;1851
Junior Homme Bare Bow;2006;3D;J;H;BB;1852
Senior Femme Bare Bow;2006;3D;S;F;BB;1853
Senior Homme Bare Bow;2006;3D;S;H;BB;1854
Vétéran Femme Bare Bow;2006;3D;V;F;BB;1855
Vétéran Homme Bare Bow;2006;3D;V;H;BB;1856
Senior Femme Arc Droit;2006;3D;S;F;AD;1887
Senior Homme Arc Droit;2006;3D;S;H;AD;1888
Senior Femme Arc Chasse;2006;3D;S;F;AC;1897
Senior Homme Arc Chasse;2006;3D;S;H;AC;1898
Junior Femme Arc Libre;2006;3D;J;F;AL;1875
Junior Homme Arc Libre;2006;3D;J;H;AL;1876
Senior Femme Arc Libre;2006;3D;S;F;AL;1877
Senior Homme Arc Libre;2006;3D;S;H;AL;1878
Benjamin Femme Poulies Nu;2006;3D;B;F;PN;1857
Benjamin Homme Poulies Nu;2006;3D;B;H;PN;1858
Minime Femme Poulies Nu;2006;3D;M;F;PN;1859
Minime Homme Poulies Nu;2006;3D;M;H;PN;1860
Cadet Femme Poulies Nu;2006;3D;C;F;PN;1861
Cadet Homme Poulies Nu;2006;3D;C;H;PN;1862
Junior Femme Poulies Nu;2006;3D;J;F;PN;1863
Junior Homme Poulies Nu;2006;3D;J;H;PN;1864
Senior Femme Poulies Nu;2006;3D;S;F;PN;1865
Senior Homme Poulies Nu;2006;3D;S;H;PN;1866
Vétéran Femme Poulies Nu;2006;3D;V;F;PN;1867
Vétéran Homme Poulies Nu;2006;3D;V;H;PN;1868
Benjamin Femme Arc Classique;2007;Federal;B;F;CL;2546
Benjamin Homme Arc Classique;2007;Federal;B;H;CL;2545
Minime Femme Arc Classique;2007;Federal;M;F;CL;2548
Minime Homme Arc Classique;2007;Federal;M;H;CL;2547
Cadet Femme Arc Classique;2007;Federal;C;F;CL;2550
Cadet Homme Arc Classique;2007;Federal;C;H;CL;2549
Junior Femme Arc Classique;2007;Federal;J;F;CL;2552
Junior Homme Arc Classique;2007;Federal;J;H;CL;2551
Senior Femme Arc Classique;2007;Federal;S;F;CL;2554
Senior Homme Arc Classique;2007;Federal;S;H;CL;2553
Vétéran Femme Arc Classique;2007;Federal;V;F;CL;2556
Vétéran Homme Arc Classique;2007;Federal;V;H;CL;2555
Super Vétéran Femme Arc Classique;2007;Federal;SV;F;CL;2558
Super Vétéran Homme Arc Classique;2007;Federal;SV;H;CL;2557
Junior Femme Arc à Poulies;2007;Federal;J;F;CO;2564
Junior Homme Arc à Poulies;2007;Federal;J;H;CO;2563
Senior Femme Arc à Poulies;2007;Federal;S;F;CO;2566
Senior Homme Arc à Poulies;2007;Federal;S;H;CO;2565
Vétéran Femme Arc à Poulies;2007;Federal;V;F;CO;2568
Vétéran Homme Arc à Poulies;2007;Federal;V;H;CO;2567
Super Vétéran Femme Arc à Poulies;2007;Federal;SV;F;CO;2570
Super Vétéran Homme Arc à Poulies;2007;Federal;SV;H;CO;2569
Poussin Homme Bare bow;2007;Campagne;M;H;BB;2847
Junior Femme Bare Bow;2007;Campagne;J;F;BB;2510
Junior Homme Bare Bow;2007;Campagne;J;H;BB;2509
Senior Femme Bare Bow;2007;Campagne;S;F;BB;2512
Senior Homme Bare Bow;2007;Campagne;S;H;BB;2511
Vétéran Homme Bare Bow;2007;Campagne;V;H;BB;2513
Vétéran Femme Bare Bow;2007;Campagne;V;F;BB;2514
Scratch Femme Bare Bow;2007;Campagne;SC;F;BB;2631
Scratch Homme Bare Bow;2007;Campagne;SC;H;BB;2632
Poussin Femme Arc classique;2007;Campagne;M;F;CL;2856
Benjamin Femme Arc Classique;2007;Campagne;B;F;CL;2484
Benjamin Homme Arc Classique;2007;Campagne;B;H;CL;2483
Minime Femme Arc Classique;2007;Campagne;M;F;CL;2486
Minime Homme Arc Classique;2007;Campagne;M;H;CL;2485
Cadet Femme Arc Classique;2007;Campagne;C;F;CL;2488
Cadet Homme Arc Classique;2007;Campagne;C;H;CL;2487
Junior Femme Arc Classique;2007;Campagne;J;F;CL;2490
Junior Homme Arc Classique;2007;Campagne;J;H;CL;2489
Senior Femme Arc Classique;2007;Campagne;S;F;CL;2492
Senior Homme Arc Classique;2007;Campagne;S;H;CL;2491
Vétéran Homme Arc Classique;2007;Campagne;V;H;CL;2493
Vétéran Femme Arc Classique;2007;Campagne;V;F;CL;2494
Scratch Femme Classique;2007;Campagne;SC;F;CL;2633
Scratch Homme Classique;2007;Campagne;SC;H;CL;2634
Junior Femme Arc à Poulies;2007;Campagne;J;F;CO;2500
Junior Homme Arc à Poulies;2007;Campagne;J;H;CO;2499
Senior Femme Arc à Poulies;2007;Campagne;S;F;CO;2502
Senior Homme Arc à Poulies;2007;Campagne;S;H;CO;2501
Vétéran Homme Arc à Poulies;2007;Campagne;V;H;CO;2503
Vétéran Femme Arc à Poulies;2007;Campagne;V;F;CO;2504
Scratch Femme Poulies;2007;Campagne;SC;F;CO;2635
Scratch Homme Poulies;2007;Campagne;SC;H;CO;2636
Poussin Homme Bare bow;2007;Nature;M;H;BB;2687
Benjamin Femme Bare Bow;2007;Nature;B;F;BB;2290
Benjamin Homme Bare Bow;2007;Nature;B;H;BB;2289
Minime Homme Bare Bow;2007;Nature;M;H;BB;2291
Minime Femme Bare Bow;2007;Nature;M;F;BB;2292
Minime Homme Bare bow;2007;Nature;M;H;BB;2626
Cadet Femme Bare Bow;2007;Nature;C;F;BB;2294
Cadet Homme Bare Bow;2007;Nature;C;H;BB;2293
Junior Femme Bare Bow;2007;Nature;J;F;BB;2296
Junior Homme Bare Bow;2007;Nature;J;H;BB;2295
Senior Femme Bare Bow;2007;Nature;S;F;BB;2298
Senior Homme Bare Bow;2007;Nature;S;H;BB;2297
Vétéran Femme Bare Bow;2007;Nature;V;F;BB;2300
Vétéran Homme Bare Bow;2007;Nature;V;H;BB;2299
Senior Femme Arc Droit;2007;Nature;S;F;AD;2332
Senior Homme Arc Droit;2007;Nature;S;H;AD;2331
Senior Femme Arc Chasse;2007;Nature;S;F;AC;2342
Senior Homme Arc Chasse;2007;Nature;S;H;AC;2341
Poussin Homme Arc libre;2007;Nature;M;H;AL;2892
Junior Femme Arc Libre;2007;Nature;J;F;AL;2320
Junior Homme Arc Libre;2007;Nature;J;H;AL;2319
Senior Femme Arc Libre;2007;Nature;S;F;AL;2322
Senior Homme Arc Libre;2007;Nature;S;H;AL;2321
Benjamin Femme Arc à Poulies Nu;2007;Nature;B;F;PN;2302
Benjamin Homme Arc à Poulies Nu;2007;Nature;B;H;PN;2301
Minime Femme Arc à Poulies Nu;2007;Nature;M;F;PN;2304
Minime Homme Arc à Poulies Nu;2007;Nature;M;H;PN;2303
Cadet Femme Arc à Poulies Nu;2007;Nature;C;F;PN;2306
Cadet Homme Arc à Poulies Nu;2007;Nature;C;H;PN;2305
Junior Femme Arc à Poulies Nu;2007;Nature;J;F;PN;2308
Junior Homme Arc à Poulies Nu;2007;Nature;J;H;PN;2307
Senior Femme Arc à Poulies Nu;2007;Nature;S;F;PN;2310
Senior Homme Arc à Poulies Nu;2007;Nature;S;H;PN;2309
Vétéran Femme Arc à Poulies Nu;2007;Nature;V;F;PN;2312
Vétéran Homme Arc à Poulies Nu;2007;Nature;V;H;PN;2311
Senior Femme Bare Bow;2007;Salle;S;F;BB;2110
Senior Homme Bare Bow;2007;Salle;S;H;BB;2111
Benjamin Femme Classique;2007;Salle;B;F;CL;2112
Benjamin Homme Classique;2007;Salle;B;H;CL;2113
Minime Femme Classique;2007;Salle;M;F;CL;2114
Minime Homme Classique;2007;Salle;M;H;CL;2115
Cadet Femme Classique;2007;Salle;C;F;CL;2116
Cadet Homme Classique;2007;Salle;C;H;CL;2117
Junior Femme Classique;2007;Salle;J;F;CL;2118
Junior Homme Classique;2007;Salle;J;H;CL;2119
Senior Femme Classique;2007;Salle;S;F;CL;2120
Senior Homme Classique;2007;Salle;S;H;CL;2121
Vétéran Femme Classique;2007;Salle;V;F;CL;2122
Vétéran Homme Classique;2007;Salle;V;H;CL;2123
Super Vétéran Femme Classique;2007;Salle;SV;F;CL;2124
Super Vétéran Homme Classique;2007;Salle;SV;H;CL;2125
Junior Femme Poulies;2007;Salle;J;F;CO;2126
Junior Homme Poulies;2007;Salle;J;H;CO;2127
Senior Femme Poulies;2007;Salle;S;F;CO;2128
Senior Homme Poulies;2007;Salle;S;H;CO;2129
Vétéran Femme Poulies;2007;Salle;V;F;CO;2130
Vétéran Homme Poulies;2007;Salle;V;H;CO;2131
Super Vétéran Femme Poulies;2007;Salle;SV;F;CO;2132
Super Vétéran Homme Poulies;2007;Salle;SV;H;CO;2133
Benjamin Femme Arc Classique;2007;Fita;B;F;CL;2598
Benjamin Homme Arc Classique;2007;Fita;B;H;CL;2597
Minime Femme Arc Classique;2007;Fita;M;F;CL;2600
Minime Homme Arc Classique;2007;Fita;M;H;CL;2599
Cadet Femme Arc Classique;2007;Fita;C;F;CL;2602
Cadet Homme Arc Classique;2007;Fita;C;H;CL;2601
Junior Femme Arc Classique;2007;Fita;J;F;CL;2604
Junior Homme Arc Classique;2007;Fita;J;H;CL;2603
Senior Femme Arc Classique;2007;Fita;S;F;CL;2606
Senior Homme Arc Classique;2007;Fita;S;H;CL;2605
Vétéran Femme Arc Classique;2007;Fita;V;F;CL;2608
Vétéran Homme Arc Classique;2007;Fita;V;H;CL;2607
Super Vétéran Femme Arc Classique;2007;Fita;SV;F;CL;2610
Super Vétéran Homme Arc Classique;2007;Fita;SV;H;CL;2609
Scartch Femme Classique;2007;Fita;SC;F;CL;2637
Scratch Homme Classique;2007;Fita;SC;H;CL;2638
Junior Femme Arc à Poulies;2007;Fita;J;F;CO;2616
Junior Homme Arc à Poulies;2007;Fita;J;H;CO;2615
Senior Femme Arc à Poulies;2007;Fita;S;F;CO;2618
Senior Homme Arc à Poulies;2007;Fita;S;H;CO;2617
Vétéran Femme Arc à Poulies;2007;Fita;V;F;CO;2620
Vétéran Homme Arc à Poulies;2007;Fita;V;H;CO;2619
Super Vétéran Femme Arc à Poulies;2007;Fita;SV;F;CO;2622
Super Vétéran Homme Arc à Poulies;2007;Fita;SV;H;CO;2621
Scratch Femme Poulies;2007;Fita;SC;F;CO;2639
Scratch Homme Poulies;2007;Fita;SC;H;CO;2640
Benjamin Femme Bare Bow;2007;3D;B;F;BB;2398
Benjamin Homme Bare Bow;2007;3D;B;H;BB;2397
Minime Femme Bare Bow;2007;3D;M;F;BB;2400
Minime Homme Bare Bow;2007;3D;M;H;BB;2399
Cadet Femme Bare Bow;2007;3D;C;F;BB;2402
Cadet Homme Bare Bow;2007;3D;C;H;BB;2401
Junior Femme Bare Bow;2007;3D;J;F;BB;2404
Junior Homme Bare Bow;2007;3D;J;H;BB;2403
Senior Femme Bare Bow;2007;3D;S;F;BB;2406
Senior Homme Bare Bow;2007;3D;S;H;BB;2405
Vétéran Femme Bare Bow;2007;3D;V;F;BB;2408
Vétéran Homme Bare Bow;2007;3D;V;H;BB;2407
Senior Homme Arc Droit;2007;3D;S;H;AD;2439
Senior Femme Arc Droit;2007;3D;S;F;AD;2440
Senior Homme Arc Chasse;2007;3D;S;H;AC;2449
Senior Femme Arc Chasse;2007;3D;S;F;AC;2450
Junior Femme Arc Libre;2007;3D;J;F;AL;2428
Junior Homme Arc Libre;2007;3D;J;H;AL;2427
Senior Femme Arc Libre;2007;3D;S;F;AL;2430
Senior Homme Arc Libre;2007;3D;S;H;AL;2429
Benjamin Femme Arc à Poulies Nu;2007;3D;B;F;PN;2410
Benjamin Homme Arc à Poulies Nu;2007;3D;B;H;PN;2409
Minime Femme Arc à Poulies Nu;2007;3D;M;F;PN;2412
Minime Homme Arc à Poulies Nu;2007;3D;M;H;PN;2411
Cadet Femme Arc à Poulies Nu;2007;3D;C;F;PN;2414
Cadet Homme Arc à Poulies Nu;2007;3D;C;H;PN;2413
Junior Femme Arc à Poulies Nu;2007;3D;J;F;PN;2416
Junior Homme Arc à Poulies Nu;2007;3D;J;H;PN;2415
Senior Femme Arc à Poulies Nu;2007;3D;S;F;PN;2418
Senior Homme Arc à Poulies Nu;2007;3D;S;H;PN;2417
Vétéran Femme Arc à Poulies Nu;2007;3D;V;F;PN;2420
Vétéran Homme Arc à Poulies Nu;2007;3D;V;H;PN;2419
Benjamin Femme Arc Classique;2008;Federal;B;F;CL;3102
Benjamin Homme Arc Classique;2008;Federal;B;H;CL;3103
Minime Femme Arc Classique;2008;Federal;M;F;CL;3104
<option value="3105">Minime Homme Arc Classique</option>
Cadet Femme Arc Classique;2008;Federal;C;F;CL;3106
Cadet Homme Arc Classique;2008;Federal;C;H;CL;3107
Junior Femme Arc Classique;2008;Federal;J;F;CL;3108
Junior Homme Arc Classique;2008;Federal;J;H;CL;3109
Senior Femme Arc Classique;2008;Federal;S;F;CL;3110
Senior Homme Arc Classique;2008;Federal;S;H;CL;3111
Vétéran Femme Arc Classique;2008;Federal;V;F;CL;3112
Vétéran Homme Arc Classique;2008;Federal;V;H;CL;3113
Super Vétéran Femme Arc Classique;2008;Federal;SV;F;CL;3114
Super Vétéran Homme Arc Classique;2008;Federal;SV;H;CL;3115
Junior Femme Arc à Poulies;2008;Federal;J;F;CO;3182
Junior Homme Arc à Poulies;2008;Federal;J;H;CO;3183
Senior Femme Arc à Poulies;2008;Federal;S;F;CO;3184
Senior Homme Arc à Poulies;2008;Federal;S;H;CO;3185
Vétéran Femme Arc à Poulies;2008;Federal;V;F;CO;3186
Vétéran Homme Arc à Poulies;2008;Federal;V;H;CO;3187
Super Vétéran Femme Arc à Poulies;2008;Federal;SV;F;CO;3188
Super Vétéran Homme Arc à Poulies;2008;Federal;SV;H;CO;3189
Junior Femme Bare Bow;2008;Campagne;J;F;BB;3074
Junior Homme Bare Bow;2008;Campagne;J;H;BB;3075
Senior Femme Bare Bow;2008;Campagne;S;F;BB;3076
Senior Homme Bare Bow;2008;Campagne;S;H;BB;3077
Vétéran Femme Bare Bow;2008;Campagne;V;F;BB;3078
Vétéran Homme Bare Bow;2008;Campagne;V;H;BB;3079
Scratch Femme Bare Bow;2008;Campagne;SC;F;BB;3116
Scratch Homme Bare Bow;2008;Campagne;SC;H;BB;3117
Benjamin Femme Arc Classique;2008;Campagne;B;F;CL;3082
Benjamin Homme Arc Classique;2008;Campagne;B;H;CL;3083
Minime Femme Arc Classique;2008;Campagne;M;F;CL;3084
Minime Homme Arc Classique;2008;Campagne;M;H;CL;3085
Cadet Femme Arc Classique;2008;Campagne;C;F;CL;3086
Cadet Homme Arc Classique;2008;Campagne;C;H;CL;3087
Junior Femme Arc Classique;2008;Campagne;J;F;CL;3088
Junior Homme Arc Classique;2008;Campagne;J;H;CL;3089
Senior Femme Arc Classique;2008;Campagne;S;F;CL;3090
Senior Homme Arc Classique;2008;Campagne;S;H;CL;3091
Vétéran Femme Arc Classique;2008;Campagne;V;F;CL;3092
Vétéran Homme Arc Classique;2008;Campagne;V;H;CL;3093
Scratch Femme Classique;2008;Campagne;SC;F;CL;3118
Scratch Homme Classique;2008;Campagne;SC;H;CL;3119
Senior Femme Inconnu;2008;Campagne;S;F;IC;3378
Vétéran Homme Inconnu;2008;Campagne;V;H;IC;3411
Vétéran Homme Inconnu;2008;Campagne;V;H;IC;3418
Junior Femme Arc à Poulies;2008;Campagne;J;F;CO;3094
Junior Homme Arc à Poulies;2008;Campagne;J;H;CO;3095
Senior Femme Arc à Poulies;2008;Campagne;S;F;CO;3096
Senior Homme Arc à Poulies;2008;Campagne;S;H;CO;3097
Vétéran Femme Arc à Poulies;2008;Campagne;V;F;CO;3098
Vétéran Homme Arc à Poulies;2008;Campagne;V;H;CO;3099
Scratch Femme Poulies;2008;Campagne;SC;F;CO;3120
Scratch Homme Poulies;2008;Campagne;SC;H;CO;3121
Benjamin Femme Bare bow;2008;Nature;B;F;BB;3123
Benjamin Homme Bare bow;2008;Nature;B;H;BB;3124
Minime Femme Bare bow;2008;Nature;M;F;BB;3125
Minime Homme Bare bow;2008;Nature;M;H;BB;3126
Cadet Femme Bare bow;2008;Nature;C;F;BB;3127
Cadet Homme Bare bow;2008;Nature;C;H;BB;3128
Junior Femme Bare bow;2008;Nature;J;F;BB;3129
Junior Homme Bare bow;2008;Nature;J;H;BB;3130
Senior Femme Bare bow;2008;Nature;S;F;BB;3131
Senior Homme Bare bow;2008;Nature;S;H;BB;3132
Vétéran Femme Bare bow;2008;Nature;V;F;BB;3133
Vétéran Homme Bare bow;2008;Nature;V;H;BB;3134
Senior Femme Arc Droit;2008;Nature;S;F;AD;3135
Senior Homme Arc Droit;2008;Nature;S;H;AD;3136
Senior Femme Arc Chasse;2008;Nature;S;F;AC;3137
Senior Homme Arc Chasse;2008;Nature;S;H;AC;3138
Junior Femme Arc Libre;2008;Nature;J;F;AL;3140
Junior Homme Arc Libre;2008;Nature;J;H;AL;3141
Senior Femme Arc Libre;2008;Nature;S;F;AL;3143
Senior Homme Arc Libre;2008;Nature;S;H;AL;3142
Benjamin Femme Arc à Poulies Nu;2008;Nature;B;F;PN;3144
Benjamin Homme Arc à Poulies Nu;2008;Nature;B;H;PN;3145
Minime Femme Arc à Poulies Nu;2008;Nature;M;F;PN;3146
Minime Homme Arc à Poulies Nu;2008;Nature;M;H;PN;3147
Cadet Femme Arc à Poulies Nu;2008;Nature;C;F;PN;3148
Cadet Homme Arc à Poulies Nu;2008;Nature;C;H;PN;3149
Junior Femme Arc à Poulies Nu;2008;Nature;J;F;PN;3150
Junior Homme Arc à Poulies Nu;2008;Nature;J;H;PN;3151
Senior Femme Arc à Poulies Nu;2008;Nature;S;F;PN;3152
Senior Homme Arc à Poulies Nu;2008;Nature;S;H;PN;3153
Vétéran Femme Arc à Poulies Nu;2008;Nature;V;F;PN;3154
Vétéran Homme Arc à Poulies Nu;2008;Nature;V;H;PN;3155
Senior Homme Bare Bow;2008;Salle;S;H;BB;2786
Senior Femme Bare Bow;2008;Salle;S;F;BB;2787
Benjamin Femme Classique;2008;Salle;B;F;CL;2788
Benjamin Homme Classique;2008;Salle;B;H;CL;2789
Minime Femme Classique;2008;Salle;M;F;CL;2790
Minime Homme Classique;2008;Salle;M;H;CL;2791
Cadet Femme Classique;2008;Salle;C;F;CL;2792
Cadet Homme Classique;2008;Salle;C;H;CL;2793
Junior Femme Classique;2008;Salle;J;F;CL;2794
Junior Homme Classique;2008;Salle;J;H;CL;2795
Senior Femme Classique;2008;Salle;S;F;CL;2796
Senior Homme Classique;2008;Salle;S;H;CL;2797
Vétéran Femme Classique;2008;Salle;V;F;CL;2798
Vétéran Homme Classique;2008;Salle;V;H;CL;2799
Super Vétéran Femme Classique;2008;Salle;SV;F;CL;2800
Super Vétéran Homme Classique;2008;Salle;SV;H;CL;2801
Junior Femme Poulies;2008;Salle;J;F;CO;2802
Junior Homme Poulies;2008;Salle;J;H;CO;2803
Senior Femme Poulies;2008;Salle;S;F;CO;2804
Senior Homme Poulies;2008;Salle;S;H;CO;2805
Vétéran Femme Poulies;2008;Salle;V;F;CO;2806
Vétéran Homme Poulies;2008;Salle;V;H;CO;2807
Super Vétéran Femme Poulies;2008;Salle;SV;F;CO;2808
Super Vétéran Homme Poulies;2008;Salle;SV;H;CO;2809
Benjamin Femme Arc Classique;2008;Fita;B;F;CL;3052
Benjamin Homme Arc Classique;2008;Fita;B;H;CL;3053
Minime Femme Arc Classique;2008;Fita;M;F;CL;3054
Minime Homme Arc Classique;2008;Fita;M;H;CL;3055
Cadet Femme Arc Classique;2008;Fita;C;F;CL;3056
Cadet Homme Arc Classique;2008;Fita;C;H;CL;3057
Junior Femme Arc Classique;2008;Fita;J;F;CL;3058
Junior Homme Arc Classique;2008;Fita;J;H;CL;3059
Senior Femme Arc Classique;2008;Fita;S;F;CL;3060
Senior Homme Arc Classique;2008;Fita;S;H;CL;3061
Vétéran Femme Arc Classique;2008;Fita;V;F;CL;3062
Vétéran Homme Arc Classique;2008;Fita;V;H;CL;3063
Super Vétéran Femme Arc Classique;2008;Fita;SV;F;CL;3064
Super Vétéran Homme Arc Classique;2008;Fita;SV;H;CL;3065
Scratch Femme Classique;2008;Fita;SC;F;CL;3178
Scratch Homme Classique;2008;Fita;SC;H;CL;3179
Junior Femme Arc à Poulies;2008;Fita;J;F;CO;3066
Junior Homme Arc à Poulies;2008;Fita;J;H;CO;3067
Senior Femme Arc à Poulies;2008;Fita;S;F;CO;3068
Senior Homme Arc à Poulies;2008;Fita;S;H;CO;3069
Vétéran Femme Arc à Poulies;2008;Fita;V;F;CO;3070
Vétéran Homme Arc à Poulies;2008;Fita;V;H;CO;3071
Super Vétéran Femme Arc à Poulies;2008;Fita;SV;F;CO;3072
Super Vétéran Homme Arc à Poulies;2008;Fita;SV;H;CO;3073
Scratch Femme Poulies;2008;Fita;SC;F;CO;3180
Scratch Homme Poulies;2008;Fita;SC;H;CO;3181
Benjamin Femme Bare Bow;2008;3D;B;F;BB;3190
Benjamin Homme Bare Bow;2008;3D;B;H;BB;3191
Minime Femme Bare Bow;2008;3D;M;F;BB;3192
Minime Homme Bare Bow;2008;3D;M;H;BB;3193
Cadet Femme Bare Bow;2008;3D;C;F;BB;3194
Cadet Homme Bare Bow;2008;3D;C;H;BB;3195
Junior Femme Bare Bow;2008;3D;J;F;BB;3196
Junior Homme Bare Bow;2008;3D;J;H;BB;3197
Senior Femme Bare Bow;2008;3D;S;F;BB;3198
Senior Homme Bare Bow;2008;3D;S;H;BB;3199
Vétéran Femme Bare Bow;2008;3D;V;F;BB;3200
Vétéran Homme Bare Bow;2008;3D;V;H;BB;3201
Senior Femme Arc Droit;2008;3D;S;F;AD;3202
Senior Homme Arc Droit;2008;3D;S;H;AD;3203
Senior Homme Arc Chasse;2008;3D;S;H;AC;3205
Senior Femme Arc Chasse;2008;3D;S;F;AC;3204
Junior Femme Arc Libre;2008;3D;J;F;AL;3206
Junior Homme Arc Libre;2008;3D;J;H;AL;3207
Senior Homme Arc Libre;2008;3D;S;H;AL;3209
Senior Femme Arc Libre;2008;3D;S;F;AL;3208
Benjamin Femme Arc à Poulies Nu;2008;3D;B;F;PN;3210
Benjamin Homme Arc à Poulies Nu;2008;3D;B;H;PN;3211
Minime Femme Arc à Poulies Nu;2008;3D;M;F;PN;3212
Minime Homme Arc à Poulies Nu;2008;3D;M;H;PN;3213
Cadet Femme Arc à Poulies Nu;2008;3D;C;F;PN;3214
Cadet Homme Arc à Poulies Nu;2008;3D;C;H;PN;3215
Junior Femme Arc à Poulies Nu;2008;3D;J;F;PN;3216
Junior Homme Arc à Poulies Nu;2008;3D;J;H;PN;3217
Senior Femme Arc à Poulies Nu;2008;3D;S;F;PN;3218
Senior Homme Arc à Poulies Nu;2008;3D;S;H;PN;3219
Vétéran Femme Arc à Poulies Nu;2008;3D;V;F;PN;3220
Vétéran Homme Arc à Poulies Nu;2008;3D;V;H;PN;3221
Benjamin Femme Arc Classique;2009;Federal;B;F;CL;3637
Benjamin Homme Arc Classique;2009;Federal;B;H;CL;3638
Minime Femme Arc Classique;2009;Federal;M;F;CL;3639
Minime Homme Arc Classique;2009;Federal;M;H;CL;3640
Cadet Femme Arc Classique;2009;Federal;C;F;CL;3641
Cadet Homme Arc Classique;2009;Federal;C;H;CL;3642
Junior Femme Arc Classique;2009;Federal;J;F;CL;3643
Junior Homme Arc Classique;2009;Federal;J;H;CL;3644
Senior Femme Arc Classique;2009;Federal;S;F;CL;3645
Senior Homme Arc Classique;2009;Federal;S;H;CL;3646
Vétéran Femme Arc Classique;2009;Federal;V;F;CL;3647
Vétéran Homme Arc Classique;2009;Federal;V;H;CL;3648
Super Vétéran Femme Arc Classique;2009;Federal;SV;F;CL;3649
Super Vétéran Homme Arc Classique;2009;Federal;SV;H;CL;3650
Junior Homme Arc à Poulies;2009;Federal;J;H;CO;3651
Junior Femme Arc à Poulies;2009;Federal;J;F;CO;3652
Senior Femme Arc à Poulies;2009;Federal;S;F;CO;3653
Senior Homme Arc à Poulies;2009;Federal;S;H;CO;3654
Vétéran Femme Arc à Poulies;2009;Federal;V;F;CO;3655
Vétéran Homme Arc à Poulies;2009;Federal;V;H;CO;3656
Super Vétéran Femme Arc à Poulies;2009;Federal;SV;F;CO;3657
Super Vétéran Homme Arc à Poulies;2009;Federal;SV;H;CO;3658
Junior Femme Bare Bow;2009;Campagne;J;F;BB;3583
Junior Homme Bare Bow;2009;Campagne;J;H;BB;3584
Senior Femme Bare Bow;2009;Campagne;S;F;BB;3585
Senior Homme Bare Bow;2009;Campagne;S;H;BB;3586
Vétéran Homme Bare Bow;2009;Campagne;V;H;BB;3588
Vétéran Femme Bare Bow;2009;Campagne;V;F;BB;3587
Scratch Femme Bare Bow;2009;Campagne;SC;F;BB;3888
Scratch Homme Bare Bow;2009;Campagne;SC;H;BB;3889
Benjamin Femme Arc Classique;2009;Campagne;B;F;CL;3589
Benjamin Homme Arc Classique;2009;Campagne;B;H;CL;3590
Minime Femme Arc Classique;2009;Campagne;M;F;CL;3591
Minime Homme Arc Classique;2009;Campagne;M;H;CL;3592
Cadet Femme Arc Classique;2009;Campagne;C;F;CL;3593
Cadet Homme Arc Classique;2009;Campagne;C;H;CL;3594
Junior Femme Arc Classique;2009;Campagne;J;F;CL;3595
Junior Homme Arc Classique;2009;Campagne;J;H;CL;3596
Senior Femme Arc Classique;2009;Campagne;S;F;CL;3597
Senior Homme Arc Classique;2009;Campagne;S;H;CL;3598
Vétéran Femme Arc Classique;2009;Campagne;V;F;CL;3599
Vétéran Homme Arc Classique;2009;Campagne;V;H;CL;3600
Scratch Femme Classique;2009;Campagne;SC;F;CL;3890
Scratch Homme Classique;2009;Campagne;SC;H;CL;3891
Junior Femme Arc à Poulies;2009;Campagne;J;F;CO;3601
Junior Homme Arc à Poulies;2009;Campagne;J;H;CO;3602
Senior Femme Arc à Poulies;2009;Campagne;S;F;CO;3603
Senior Homme Arc à Poulies;2009;Campagne;S;H;CO;3604
Vétéran Femme Arc à Poulies;2009;Campagne;V;F;CO;3605
Vétéran Homme Arc à Poulies;2009;Campagne;V;H;CO;3606
Scratch Femme Poulies;2009;Campagne;SC;F;CO;3892
Scratch Homme Poulies;2009;Campagne;SC;H;CO;3893
Benjamin Femme Bare Bow;2009;Nature;B;F;BB;3753
Benjamin Homme Bare Bow;2009;Nature;B;H;BB;3754
Minime Femme Bare Bow;2009;Nature;M;F;BB;3755
Minime Homme Bare Bow;2009;Nature;M;H;BB;3756
Cadet Femme Bare Bow;2009;Nature;C;F;BB;3757
Cadet Homme Bare Bow;2009;Nature;C;H;BB;3758
Junior Femme Bare Bow;2009;Nature;J;F;BB;3759
Junior Homme Bare Bow;2009;Nature;J;H;BB;3760
Senior Femme Bare Bow;2009;Nature;S;F;BB;3761
Senior Homme Bare Bow;2009;Nature;S;H;BB;3762
Vétéran Femme Bare Bow;2009;Nature;V;F;BB;3763
Vétéran Homme Bare Bow;2009;Nature;V;H;BB;3764
Senior Homme Arc Droit;2009;Nature;S;H;AD;3766
Senior Femme Arc Droit;2009;Nature;S;F;AD;3765
Senior Homme Arc Chasse;2009;Nature;S;H;AC;3768
Senior Femme Arc Chasse;2009;Nature;S;F;AC;3767
Junior Femme Arc Libre;2009;Nature;J;F;AL;3769
Junior Homme Arc Libre;2009;Nature;J;H;AL;3770
Senior Homme Arc Libre;2009;Nature;S;H;AL;3772
Senior Femme Arc Libre;2009;Nature;S;F;AL;3771
Benjamin Femme Arc à Poulies Nu;2009;Nature;B;F;PN;3773
Benjamin Homme Arc à Poulies Nu;2009;Nature;B;H;PN;3774
Minime Femme Arc à Poulies Nu;2009;Nature;M;F;PN;3775
Minime Homme Arc à Poulies Nu;2009;Nature;M;H;PN;3776
Cadet Femme Arc à Poulies Nu;2009;Nature;C;F;PN;3777
Cadet Homme Arc à Poulies Nu;2009;Nature;C;H;PN;3778
Junior Femme Arc à Poulies Nu;2009;Nature;J;F;PN;3779
Junior Homme Arc à Poulies Nu;2009;Nature;J;H;PN;3780
Senior Femme Arc à Poulies Nu;2009;Nature;S;F;PN;3781
Senior Homme Arc à Poulies Nu;2009;Nature;S;H;PN;3782
Vétéran Femme Arc à Poulies Nu;2009;Nature;V;F;PN;3783
Vétéran Homme Arc à Poulies Nu;2009;Nature;V;H;PN;3784
Senior Femme Bare Bow;2009;Salle;S;F;BB;3383
Senior Homme Bare Bow;2009;Salle;S;H;BB;3382
Benjamin Femme Classique;2009;Salle;B;F;CL;3384
Benjamin Homme Classique;2009;Salle;B;H;CL;3385
Minime Femme Classique;2009;Salle;M;F;CL;3386
Minime Homme Classique;2009;Salle;M;H;CL;3387
Cadet Femme Classique;2009;Salle;C;F;CL;3388
Cadet Homme Classique;2009;Salle;C;H;CL;3389
Junior Femme Classique;2009;Salle;J;F;CL;3390
Junior Homme Classique;2009;Salle;J;H;CL;3391
Senior Femme Classique;2009;Salle;S;F;CL;3392
Senior Homme Classique;2009;Salle;S;H;CL;3393
Vétéran Femme Classique;2009;Salle;V;F;CL;3394
Vétéran Homme Classique;2009;Salle;V;H;CL;3395
Super Vétéran Femme Classique;2009;Salle;SV;F;CL;3396
Super Vétéran Homme Classique;2009;Salle;SV;H;CL;3397
Junior Femme Poulies;2009;Salle;J;F;CO;3398
Junior Homme Poulies;2009;Salle;J;H;CO;3399
Senior Femme Poulies;2009;Salle;S;F;CO;3400
Senior Homme Poulies;2009;Salle;S;H;CO;3401
Vétéran Femme Poulies;2009;Salle;V;F;CO;3402
Vétéran Homme Poulies;2009;Salle;V;H;CO;3403
Super Vétéran Femme Poulies;2009;Salle;SV;F;CO;3404
Super Vétéran Homme Poulies;2009;Salle;SV;H;CO;3405
Benjamin Femme Arc classique;2009;Fita;B;F;CL;3686
Benjamin Homme Arc classique;2009;Fita;B;H;CL;3687
Minime Femme Arc classique;2009;Fita;M;F;CL;3688
Minime Homme Arc classique;2009;Fita;M;H;CL;3689
Cadet Femme Arc classique;2009;Fita;C;F;CL;3690
Cadet Homme Arc classique;2009;Fita;C;H;CL;3691
Junior Femme Arc classique;2009;Fita;J;F;CL;3692
Junior Homme Arc classique;2009;Fita;J;H;CL;3693
Senior Femme Arc classique;2009;Fita;S;F;CL;3694
Senior Homme Arc classique;2009;Fita;S;H;CL;3695
Vétéran Femme Arc classique;2009;Fita;V;F;CL;3696
Vétéran Homme Arc classique;2009;Fita;V;H;CL;3697
Super Vétéran Femme Arc classique;2009;Fita;SV;F;CL;3698
Super Vétéran Homme Arc classique;2009;Fita;SV;H;CL;3699
Scratch Femme Classique;2009;Fita;SC;F;CL;3894
Scratch Homme Classique;2009;Fita;SC;H;CL;3895
Junior Homme Arc à Poulies;2009;Fita;J;H;CO;3701
Junior Femme Arc à Poulies;2009;Fita;J;F;CO;3700
Senior Femme Arc à Poulies;2009;Fita;S;F;CO;3702
Senior Homme Arc à Poulies;2009;Fita;S;H;CO;3703
Vétéran Femme Arc à Poulies;2009;Fita;V;F;CO;3704
Vétéran Homme Arc à Poulies;2009;Fita;V;H;CO;3705
Super Vétéran Femme Arc à Poulies;2009;Fita;SV;F;CO;3706
Super Vétéran Homme Arc à Poulies;2009;Fita;SV;H;CO;3707
Scratch Femme Poulies;2009;Fita;SC;F;CO;3896
Scratch Homme Poulies;2009;Fita;SC;H;CO;3897
Benjamin Femme Bare Bow;2009;3D;B;F;BB;3492
Benjamin Homme Bare Bow;2009;3D;B;H;BB;3493
Minime Femme Bare Bow;2009;3D;M;F;BB;3494
Minime Homme Bare Bow;2009;3D;M;H;BB;3495
Cadet Femme Bare Bow;2009;3D;C;F;BB;3496
Cadet Homme Bare Bow;2009;3D;C;H;BB;3497
Junior Femme Bare Bow;2009;3D;J;F;BB;3498
Junior Homme Bare Bow;2009;3D;J;H;BB;3499
Senior Femme Bare Bow;2009;3D;S;F;BB;3500
Senior Homme Bare Bow;2009;3D;S;H;BB;3501
Vétéran Femme Bare Bow;2009;3D;V;F;BB;3502
Vétéran Homme Bare Bow;2009;3D;V;H;BB;3503
Senior Femme Arc Droit;2009;3D;S;F;AD;3504
Senior Homme Arc Droit;2009;3D;S;H;AD;3505
Senior Femme Arc Chasse;2009;3D;S;F;AC;3506
Senior Homme Arc Chasse;2009;3D;S;H;AC;3507
Junior Femme Arc Libre;2009;3D;J;F;AL;3508
Junior Homme Arc Libre;2009;3D;J;H;AL;3509
Senior Femme Arc Libre;2009;3D;S;F;AL;3510
Senior Homme Arc Libre;2009;3D;S;H;AL;3511
Benjamin Femme Arc à Poulies Nu;2009;3D;B;F;PN;3512
Benjamin Homme Arc à Poulies Nu;2009;3D;B;H;PN;3513
Minime Femme Arc à Poulies Nu;2009;3D;M;F;PN;3514
Minime Homme Arc à Poulies Nu;2009;3D;M;H;PN;3515
Cadet Femme Arc à Poulies Nu;2009;3D;C;F;PN;3516
Cadet Homme Arc à Poulies Nu;2009;3D;C;H;PN;3517
Junior Femme Arc à Poulies Nu;2009;3D;J;F;PN;3518
Junior Homme Arc à Poulies Nu;2009;3D;J;H;PN;3519
Senior Femme Arc à Poulies Nu;2009;3D;S;F;PN;3520
Senior Homme Arc à Poulies Nu;2009;3D;S;H;PN;3521
Vétéran Femme Arc à Poulies Nu;2009;3D;V;F;PN;3522
Vétéran Homme Arc à Poulies Nu;2009;3D;V;H;PN;3523
Benjamin Femme Arc Classique;2010;Federal;B;F;CL;4453
Benjamin Homme Arc Classique;2010;Federal;B;H;CL;4454
Minime Femme Arc Classique;2010;Federal;M;F;CL;4455
Minime Homme Arc Classique;2010;Federal;M;H;CL;4456
Cadet Femme Arc Classique;2010;Federal;C;F;CL;4457
Cadet Homme Arc Classique;2010;Federal;C;H;CL;4458
Junior Femme Arc Classique;2010;Federal;J;F;CL;4459
Junior Homme Arc Classique;2010;Federal;J;H;CL;4460
Senior Femme Arc Classique;2010;Federal;S;F;CL;4461
Senior Homme Arc Classique;2010;Federal;S;H;CL;4462
Vétéran Femme Arc Classique;2010;Federal;V;F;CL;4463
Vétéran Homme Arc Classique;2010;Federal;V;H;CL;4464
Super Vétéran Femme Arc Classique;2010;Federal;SV;F;CL;4465
Super Vétéran Homme Arc Classique;2010;Federal;SV;H;CL;4466
Junior Femme Arc à Poulies;2010;Federal;J;F;CO;4468
Junior Homme Arc à Poulies;2010;Federal;J;H;CO;4467
Senior Femme Arc à Poulies;2010;Federal;S;F;CO;4469
Senior Homme Arc à Poulies;2010;Federal;S;H;CO;4470
Vétéran Femme Arc à Poulies;2010;Federal;V;F;CO;4471
Vétéran Homme Arc à Poulies;2010;Federal;V;H;CO;4472
Super Vétéran Femme Arc à Poulies;2010;Federal;SV;F;CO;4473
Super Vétéran Homme Arc à Poulies;2010;Federal;SV;H;CO;4474
Junior Femme Bare Bow;2010;Campagne;J;F;BB;4417
Junior Homme Bare Bow;2010;Campagne;J;H;BB;4418
Senior Femme Bare Bow;2010;Campagne;S;F;BB;4419
Senior Homme Bare Bow;2010;Campagne;S;H;BB;4420
Vétéran Femme Bare Bow;2010;Campagne;V;F;BB;4421
Vétéran Homme Bare Bow;2010;Campagne;V;H;BB;4422
Scartch Femme Bare Bow;2010;Campagne;SC;F;BB;4570
Scratch Homme Bare Bow;2010;Campagne;SC;H;BB;4571
Benjamin Femme Arc Classique;2010;Campagne;B;F;CL;4423
Benjamin Homme Arc Classique;2010;Campagne;B;H;CL;4424
Minime Femme Arc Classique;2010;Campagne;M;F;CL;4425
Minime Homme Arc Classique;2010;Campagne;M;H;CL;4426
Cadet Femme Arc Classique;2010;Campagne;C;F;CL;4427
Cadet Homme Arc Classique;2010;Campagne;C;H;CL;4428
Junior Femme Arc Classique;2010;Campagne;J;F;CL;4429
Junior Homme Arc Classique;2010;Campagne;J;H;CL;4430
Senior Femme Arc Classique;2010;Campagne;S;F;CL;4431
Senior Homme Arc Classique;2010;Campagne;S;H;CL;4432
Vétéran Femme Arc Classique;2010;Campagne;V;F;CL;4433
Vétéran Homme Arc Classique;2010;Campagne;V;H;CL;4434
Scratch Femme Classique;2010;Campagne;SC;F;CL;4572
Scratch Homme Classique;2010;Campagne;SC;H;CL;4573
Junior Femme Arc à Poulies;2010;Campagne;J;F;CO;4435
Junior Homme Arc à Poulies;2010;Campagne;J;H;CO;4436
Senior Femme Arc à Poulies;2010;Campagne;S;F;CO;4437
Senior Homme Arc à Poulies;2010;Campagne;S;H;CO;4438
Vétéran Femme Arc à Poulies;2010;Campagne;V;F;CO;4439
Vétéran Homme Arc à Poulies;2010;Campagne;V;H;CO;4440
Scratch Femme Poulies;2010;Campagne;SC;F;CO;4574
Scratch Homme Poulies;2010;Campagne;SC;H;CO;4575
Benjamin Femme Bare Bow;2010;Nature;B;F;BB;4502
Benjamin Homme Bare Bow;2010;Nature;B;H;BB;4503
Minime Femme Bare Bow;2010;Nature;M;F;BB;4504
Minime Homme Bare Bow;2010;Nature;M;H;BB;4505
Cadet Femme Bare Bow;2010;Nature;C;F;BB;4506
Cadet Homme Bare Bow;2010;Nature;C;H;BB;4507
Junior Femme Bare Bow;2010;Nature;J;F;BB;4508
Junior Homme Bare Bow;2010;Nature;J;H;BB;4509
Senior Femme Bare Bow;2010;Nature;S;F;BB;4510
Senior Homme Bare Bow;2010;Nature;S;H;BB;4511
Vétéran Femme Bare Bow;2010;Nature;V;F;BB;4512
Vétéran Homme Bare Bow;2010;Nature;V;H;BB;4513
Senior Femme Arc Droit;2010;Nature;S;F;AD;4514
Senior Homme Arc Droit;2010;Nature;S;H;AD;4515
Senior Homme Arc Chasse;2010;Nature;S;H;AC;4517
Senior Femme Arc Chasse;2010;Nature;S;F;AC;4516
Junior Femme Arc Libre;2010;Nature;J;F;AL;4518
Junior Homme Arc Libre;2010;Nature;J;H;AL;4519
Senior Homme Arc Libre;2010;Nature;S;H;AL;4521
Senior Femme Arc Libre;2010;Nature;S;F;AL;4520
Benjamin Femme Arc à Poulies Nu;2010;Nature;B;F;PN;4522
Benjamin Homme Arc à Poulies Nu;2010;Nature;B;H;PN;4523
Minime Femme Arc à Poulies Nu;2010;Nature;M;F;PN;4524
Minime Homme Arc à Poulies Nu;2010;Nature;M;H;PN;4525
Cadet Femme Arc à Poulies Nu;2010;Nature;C;F;PN;4526
Cadet Homme Arc à Poulies Nu;2010;Nature;C;H;PN;4527
Junior Femme Arc à Poulies Nu;2010;Nature;J;F;PN;4528
Junior Homme Arc à Poulies Nu;2010;Nature;J;H;PN;4529
Senior Femme Arc à Poulies Nu;2010;Nature;S;F;PN;4530
Senior Homme Arc à Poulies Nu;2010;Nature;S;H;PN;4531
Vétéran Femme Arc à Poulies Nu;2010;Nature;V;F;PN;4532
Vétéran Homme Arc à Poulies Nu;2010;Nature;V;H;PN;4533
Senior Femme Bare Bow;2010;Salle;S;F;BB;4040
Senior Homme Bare Bow;2010;Salle;S;H;BB;4039
Benjamin Femme Classique;2010;Salle;B;F;CL;4041
Benjamin Homme Classique;2010;Salle;B;H;CL;4042
Minime Femme Classique;2010;Salle;M;F;CL;4043
Minime Homme Classique;2010;Salle;M;H;CL;4044
Cadet Femme Classique;2010;Salle;C;F;CL;4045
Cadet Homme Classique;2010;Salle;C;H;CL;4046
Junior Femme Classique;2010;Salle;J;F;CL;4047
Junior Homme Classique;2010;Salle;J;H;CL;4048
Senior Femme Classique;2010;Salle;S;F;CL;4049
Senior Homme Classique;2010;Salle;S;H;CL;4050
Vétéran Femme Classique;2010;Salle;V;F;CL;4051
Vétéran Homme Classique;2010;Salle;V;H;CL;4052
Super Vétéran Femme Classique;2010;Salle;SV;F;CL;4053
Super Vétéran Homme Classique;2010;Salle;SV;H;CL;4054
Junior Femme Poulies;2010;Salle;J;F;CO;4055
Junior Homme Poulies;2010;Salle;J;H;CO;4056
Senior Femme Poulies;2010;Salle;S;F;CO;4057
Senior Homme Poulies;2010;Salle;S;H;CO;4058
Vétéran Femme Poulies;2010;Salle;V;F;CO;4059
Vétéran Homme Poulies;2010;Salle;V;H;CO;4060
Super Vétéran Femme Poulies;2010;Salle;SV;F;CO;4061
Super Vétéran Homme Poulies;2010;Salle;SV;H;CO;4062
Benjamin Femme Arc classique;2010;Fita;B;F;CL;4480
Benjamin Homme Arc classique;2010;Fita;B;H;CL;4481
Minime Femme Arc classique;2010;Fita;M;F;CL;4482
Minime Homme Arc classique;2010;Fita;M;H;CL;4483
Cadet Femme Arc classique;2010;Fita;C;F;CL;4484
Cadet Homme Arc classique;2010;Fita;C;H;CL;4485
Junior Femme Arc classique;2010;Fita;J;F;CL;4486
Junior Homme Arc classique;2010;Fita;J;H;CL;4487
Senior Femme Arc classique;2010;Fita;S;F;CL;4488
Senior Homme Arc classique;2010;Fita;S;H;CL;4489
Vétéran Femme Arc classique;2010;Fita;V;F;CL;4490
Vétéran Homme Arc classique;2010;Fita;V;H;CL;4491
Super Vétéran Femme Arc classique;2010;Fita;SV;F;CL;4492
Super Vétéran Homme Arc classique;2010;Fita;SV;H;CL;4493
Scratch Femme Classique;2010;Fita;SC;F;CL;4576
Scratch Homme Classique;2010;Fita;SC;H;CL;4577
Junior Homme Arc à Poulies;2010;Fita;J;H;CO;4495
Junior Femme Arc à Poulies;2010;Fita;J;F;CO;4494
Senior Femme Arc à Poulies;2010;Fita;S;F;CO;4496
Senior Homme Arc à Poulies;2010;Fita;S;H;CO;4497
Vétéran Femme Arc à Poulies;2010;Fita;V;F;CO;4498
Vétéran Homme Arc à Poulies;2010;Fita;V;H;CO;4499
Super Vétéran Femme Arc à Poulies;2010;Fita;SV;F;CO;4500
Super Vétéran Homme Arc à Poulies;2010;Fita;SV;H;CO;4501
Scratch Femme Poulies;2010;Fita;SC;F;CO;4578
Scratch Homme Poulies;2010;Fita;SC;H;CO;4579
Benjamin Femme Bare Bow;2010;3D;B;F;BB;4352
Benjamin Homme Bare Bow;2010;3D;B;H;BB;4353
Minime Femme Bare Bow;2010;3D;M;F;BB;4354
Minime Homme Bare Bow;2010;3D;M;H;BB;4355
Cadet Femme Bare Bow;2010;3D;C;F;BB;4356
Cadet Homme Bare Bow;2010;3D;C;H;BB;4357
Junior Femme Bare Bow;2010;3D;J;F;BB;4358
Junior Homme Bare Bow;2010;3D;J;H;BB;4359
Senior Femme Bare Bow;2010;3D;S;F;BB;4360
Senior Homme Bare Bow;2010;3D;S;H;BB;4361
Vétéran Femme Bare Bow;2010;3D;V;F;BB;4362
Vétéran Homme Bare Bow;2010;3D;V;H;BB;4363
Senior Femme Arc Droit;2010;3D;S;F;AD;4364
Senior Homme Arc Droit;2010;3D;S;H;AD;4365
Senior Femme Arc Chasse;2010;3D;S;F;AC;4366
Senior Homme Arc Chasse;2010;3D;S;H;AC;4367
Junior Femme Arc Libre;2010;3D;J;F;AL;4368
Junior Homme Arc Libre;2010;3D;J;H;AL;4369
Senior Femme Arc Libre;2010;3D;S;F;AL;4370
Senior Homme Arc Libre;2010;3D;S;H;AL;4371
Benjamin Femme Arc à Poulies Nu;2010;3D;B;F;PN;4372
Benjamin Homme Arc à Poulies Nu;2010;3D;B;H;PN;4373
Minime Femme Arc à Poulies Nu;2010;3D;M;F;PN;4374
Minime Homme Arc à Poulies Nu;2010;3D;M;H;PN;4375
Cadet Femme Arc à Poulies Nu;2010;3D;C;F;PN;4376
Cadet Homme Arc à Poulies Nu;2010;3D;C;H;PN;4377
Junior Femme Arc à Poulies Nu;2010;3D;J;F;PN;4378
Junior Homme Arc à Poulies Nu;2010;3D;J;H;PN;4379
Senior Femme Arc à Poulies Nu;2010;3D;S;F;PN;4380
Senior Homme Arc à Poulies Nu;2010;3D;S;H;PN;4381
Vétéran Homme Arc à Poulies Nu;2010;3D;V;H;PN;4383
Vétéran Femme Arc à Poulies Nu;2010;3D;V;F;PN;4382
Benjamin Femme Arc Classique;2011;Federal;B;F;CL;5265
Benjamin Homme Arc Classique;2011;Federal;B;H;CL;5266
Minime Femme Arc Classique;2011;Federal;M;F;CL;5267
Minime Homme Arc Classique;2011;Federal;M;H;CL;5268
Cadet Femme Arc Classique;2011;Federal;C;F;CL;5269
Cadet Homme Arc Classique;2011;Federal;C;H;CL;5270
Junior Femme Arc Classique;2011;Federal;J;F;CL;5271
Junior Homme Arc Classique;2011;Federal;J;H;CL;5272
Senior Femme Arc Classique;2011;Federal;S;F;CL;5273
Senior Homme Arc Classique;2011;Federal;S;H;CL;5274
Vétéran Femme Arc Classique;2011;Federal;V;F;CL;5275
Vétéran Homme Arc Classique;2011;Federal;V;H;CL;5276
Super Vétéran Femme Arc Classique;2011;Federal;SV;F;CL;5277
Super Vétéran Homme Arc Classique;2011;Federal;SV;H;CL;5278
Junior Femme Arc à Poulies;2011;Federal;J;F;CO;5280
Junior Homme Arc à Poulies;2011;Federal;J;H;CO;5279
Senior Femme Arc à Poulies;2011;Federal;S;F;CO;5281
Senior Homme Arc à Poulies;2011;Federal;S;H;CO;5282
Vétéran Femme Arc à Poulies;2011;Federal;V;F;CO;5283
Vétéran Homme Arc à Poulies;2011;Federal;V;H;CO;5284
Super Vétéran Femme Arc à Poulies;2011;Federal;SV;F;CO;5285
Super Vétéran Homme Arc à Poulies;2011;Federal;SV;H;CO;5286
Cadet Femme Bare Bow;2011;Campagne;C;F;BB;5257
Cadet Homme Bare bow;2011;Campagne;C;H;BB;5263
Junior Femme Bare Bow;2011;Campagne;J;F;BB;5233
Junior Homme Bare Bow;2011;Campagne;J;H;BB;5234
Vétéran Femme Bare Bow;2011;Campagne;V;F;BB;5237
Vétéran Homme Bare Bow;2011;Campagne;V;H;BB;5238
Scratch Femme Bare Bow;2011;Campagne;SC;F;BB;5398
Scratch Homme Bare Bow;2011;Campagne;SC;H;BB;5399
Benjamin Femme Arc Classique;2011;Campagne;B;F;CL;5239
Benjamin Homme Arc Classique;2011;Campagne;B;H;CL;5240
Minime Femme Arc Classique;2011;Campagne;M;F;CL;5241
Minime Homme Arc Classique;2011;Campagne;M;H;CL;5242
Cadet Femme Arc Classique;2011;Campagne;C;F;CL;5243
Cadet Homme Arc Classique;2011;Campagne;C;H;CL;5244
Junior Femme Arc Classique;2011;Campagne;J;F;CL;5245
Junior Homme Arc Classique;2011;Campagne;J;H;CL;5246
Vétéran Femme Arc Classique;2011;Campagne;V;F;CL;5249
Vétéran Homme Arc Classique;2011;Campagne;V;H;CL;5250
Scratch Femme Classique;2011;Campagne;SC;F;CL;5400
Scratch Homme Classique;2011;Campagne;SC;H;CL;5401
Junior Femme Arc à Poulies;2011;Campagne;J;F;CO;5251
Junior Homme Arc à Poulies;2011;Campagne;J;H;CO;5252
Vétéran Femme Arc à Poulies;2011;Campagne;V;F;CO;5255
Vétéran Homme Arc à Poulies;2011;Campagne;V;H;CO;5256
Scratch Femme Poulies;2011;Campagne;SC;F;CO;5402
Scratch Homme Poulies;2011;Campagne;SC;H;CO;5403
Benjamin Femme Bare Bow;2011;Nature;B;F;BB;5330
Benjamin Homme Bare Bow;2011;Nature;B;H;BB;5331
Minime Femme Bare Bow;2011;Nature;M;F;BB;5332
Minime Homme Bare Bow;2011;Nature;M;H;BB;5333
Cadet Femme Bare Bow;2011;Nature;C;F;BB;5334
Cadet Homme Bare Bow;2011;Nature;C;H;BB;5335
Junior Femme Bare Bow;2011;Nature;J;F;BB;5336
Junior Homme Bare Bow;2011;Nature;J;H;BB;5337
Senior Femme Bare Bow;2011;Nature;S;F;BB;5338
Senior Homme Bare Bow;2011;Nature;S;H;BB;5339
Vétéran Homme Bare Bow;2011;Nature;V;H;BB;5341
Vétéran Femme Bare Bow;2011;Nature;V;F;BB;5340
Junior Femme Arc Droit;2011;Nature;J;F;AD;5369
Junior Homme Arc Droit;2011;Nature;J;H;AD;5370
Senior Femme Arc Droit;2011;Nature;S;F;AD;5342
Senior Homme Arc Droit;2011;Nature;S;H;AD;5343
Junior Femme Arc Chasse;2011;Nature;J;F;AC;5377
Junior Homme Arc Chasse;2011;Nature;J;H;AC;5378
Senior Femme Arc Chasse;2011;Nature;S;F;AC;5344
Senior Homme Arc Chasse;2011;Nature;S;H;AC;5345
Junior Femme Arc Libre;2011;Nature;J;F;AL;5346
Junior Homme Arc Libre;2011;Nature;J;H;AL;5347
Senior Femme Arc Libre;2011;Nature;S;F;AL;5348
Senior Homme Arc Libre;2011;Nature;S;H;AL;5349
Benjamin Femme Arc à Poulies Nu;2011;Nature;B;F;PN;5350
Benjamin Homme Arc à Poulies Nu;2011;Nature;B;H;PN;5351
Minime Femme Arc à Poulies Nu;2011;Nature;M;F;PN;5352
Minime Homme Arc à Poulies Nu;2011;Nature;M;H;PN;5353
Cadet Femme Arc à Poulies Nu;2011;Nature;C;F;PN;5354
Cadet Homme Arc à Poulies Nu;2011;Nature;C;H;PN;5355
Junior Femme Arc à Poulies Nu;2011;Nature;J;F;PN;5356
Junior Homme Arc à Poulies Nu;2011;Nature;J;H;PN;5357
Senior Femme Arc à Poulies Nu;2011;Nature;S;F;PN;5358
Senior Homme Arc à Poulies Nu;2011;Nature;S;H;PN;5359
Vétéran Femme Arc à Poulies Nu;2011;Nature;V;F;PN;5360
Vétéran Homme Arc à Poulies Nu;2011;Nature;V;H;PN;5361
Senior Femme Bare Bow;2011;Salle;S;F;BB;4845
Senior Homme Bare Bow;2011;Salle;S;H;BB;4844
Benjamin Femme Classique;2011;Salle;B;F;CL;4846
Benjamin Homme Classique;2011;Salle;B;H;CL;4847
Minime Femme Classique;2011;Salle;M;F;CL;4848
Minime Homme Classique;2011;Salle;M;H;CL;4849
Cadet Femme Classique;2011;Salle;C;F;CL;4850
Cadet Homme Classique;2011;Salle;C;H;CL;4851
Junior Femme Classique;2011;Salle;J;F;CL;4852
Junior Homme Classique;2011;Salle;J;H;CL;4853
Senior Femme Classique;2011;Salle;S;F;CL;4854
Senior Homme Classique;2011;Salle;S;H;CL;4855
Vétéran Femme Classique;2011;Salle;V;F;CL;4856
Vétéran Homme Classique;2011;Salle;V;H;CL;4857
Super Vétéran Femme Classique;2011;Salle;SV;F;CL;4858
Super Vétéran Homme Classique;2011;Salle;SV;H;CL;4859
Junior Femme Poulies;2011;Salle;J;F;CO;4860
Junior Homme Poulies;2011;Salle;J;H;CO;4861
Senior Femme Poulies;2011;Salle;S;F;CO;4862
Senior Homme Poulies;2011;Salle;S;H;CO;4863
Vétéran Femme Poulies;2011;Salle;V;F;CO;4864
Vétéran Homme Poulies;2011;Salle;V;H;CO;4865
Super Vétéran Femme Poulies;2011;Salle;SV;F;CO;4866
Super Vétéran Homme Poulies;2011;Salle;SV;H;CO;4867
Benjamin Femme Arc classique;2011;Fita;B;F;CL;5302
Benjamin Homme Arc classique;2011;Fita;B;H;CL;5303
Minime Femme Arc classique;2011;Fita;M;F;CL;5304
Minime Homme Arc classique;2011;Fita;M;H;CL;5305
Cadet Femme Arc classique;2011;Fita;C;F;CL;5306
Cadet Homme Arc classique;2011;Fita;C;H;CL;5307
Junior Femme Arc classique;2011;Fita;J;F;CL;5308
Junior Homme Arc classique;2011;Fita;J;H;CL;5309
Vétéran Femme Arc classique;2011;Fita;V;F;CL;5312
Vétéran Homme Arc classique;2011;Fita;V;H;CL;5313
Super Vétéran Femme Arc classique;2011;Fita;SV;F;CL;5314
Super Vétéran Homme Arc classique;2011;Fita;SV;H;CL;5315
Scratch Femme Classique;2011;Fita;SC;F;CL;5404
Scratch Homme Classique;2011;Fita;SC;H;CL;5405
Junior Homme Arc à Poulies;2011;Fita;J;H;CO;5317
Junior Femme Arc à Poulies;2011;Fita;J;F;CO;5316
Vétéran Femme Arc à Poulies;2011;Fita;V;F;CO;5320
Vétéran Homme Arc à Poulies;2011;Fita;V;H;CO;5321
Super Vétéran Femme Arc à Poulies;2011;Fita;SV;F;CO;5322
Super Vétéran Homme Arc à Poulies;2011;Fita;SV;H;CO;5323
Scratch Femme Poulies;2011;Fita;SC;F;CO;5406
Scratch Homme Poulies;2011;Fita;SC;H;CO;5407
Benjamin Femme Bare Bow;2011;3D;B;F;BB;5169
Benjamin Homme Bare Bow;2011;3D;B;H;BB;5170
Minime Femme Bare Bow;2011;3D;M;F;BB;5171
Minime Homme Bare Bow;2011;3D;M;H;BB;5172
Cadet Femme Bare Bow;2011;3D;C;F;BB;5173
Cadet Homme Bare Bow;2011;3D;C;H;BB;5174
Junior Femme Bare Bow;2011;3D;J;F;BB;5175
Junior Homme Bare Bow;2011;3D;J;H;BB;5176
Senior Femme Bare Bow;2011;3D;S;F;BB;5177
Senior Homme Bare Bow;2011;3D;S;H;BB;5178
Vétéran Femme Bare Bow;2011;3D;V;F;BB;5179
Vétéran Homme Bare Bow;2011;3D;V;H;BB;5180
Junior Femme Arc Droit;2011;3D;J;F;AD;5211
Junior Homme Arc Droit;2011;3D;J;H;AD;5212
Senior Femme Arc Droit;2011;3D;S;F;AD;5181
Senior Homme Arc Droit;2011;3D;S;H;AD;5182
Junior Femme Arc Chasse;2011;3D;J;F;AC;5221
Junior Homme Arc Chasse;2011;3D;J;H;AC;5222
Senior Femme Arc Chasse;2011;3D;S;F;AC;5183
Senior Homme Arc Chasse;2011;3D;S;H;AC;5184
Junior Femme Arc Libre;2011;3D;J;F;AL;5185
Junior Homme Arc Libre;2011;3D;J;H;AL;5186
Senior Femme Arc Libre;2011;3D;S;F;AL;5187
Senior Homme Arc Libre;2011;3D;S;H;AL;5188
Benjamin Femme Arc à Poulies Nu;2011;3D;B;F;PN;5189
Benjamin Homme Arc à Poulies Nu;2011;3D;B;H;PN;5190
Minime Femme Arc à Poulies Nu;2011;3D;M;F;PN;5191
Minime Homme Arc à Poulies Nu;2011;3D;M;H;PN;5192
Cadet Femme Arc à Poulies Nu;2011;3D;C;F;PN;5193
Cadet Homme Arc à Poulies Nu;2011;3D;C;H;PN;5194
Junior Femme Arc à Poulies Nu;2011;3D;J;F;PN;5195
Junior Homme Arc à Poulies Nu;2011;3D;J;H;PN;5196
Senior Femme Arc à Poulies Nu;2011;3D;S;F;PN;5197
Senior Homme Arc à Poulies Nu;2011;3D;S;H;PN;5198
Vétéran Homme Arc à Poulies Nu;2011;3D;V;H;PN;5200
Vétéran Femme Arc à Poulies Nu;2011;3D;V;F;PN;5199
Benjamin Femme Arc Classique;2012;Federal;B;F;CL;5840
Benjamin Homme Arc Classique;2012;Federal;B;H;CL;5841
Minime Femme Arc Classique;2012;Federal;M;F;CL;5842
Minime Homme Arc Classique;2012;Federal;M;H;CL;5843
Cadet Femme Arc Classique;2012;Federal;C;F;CL;5844
Cadet Homme Arc Classique;2012;Federal;C;H;CL;5845
Junior Femme Arc Classique;2012;Federal;J;F;CL;5846
Junior Homme Arc Classique;2012;Federal;J;H;CL;5847
Senior Femme Arc Classique;2012;Federal;S;F;CL;5848
Senior Homme Arc Classique;2012;Federal;S;H;CL;5849
Vétéran Femme Arc Classique;2012;Federal;V;F;CL;5850
Vétéran Homme Arc Classique;2012;Federal;V;H;CL;5851
Super Vétéran Femme Arc Classique;2012;Federal;SV;F;CL;5852
Super Vétéran Homme Arc Classique;2012;Federal;SV;H;CL;5853
Junior Femme Arc à Poulies;2012;Federal;J;F;CO;5855
Junior Homme Arc à Poulies;2012;Federal;J;H;CO;5854
Senior Femme Arc à Poulies;2012;Federal;S;F;CO;5856
Senior Homme Arc à Poulies;2012;Federal;S;H;CO;5857
Vétéran Femme Arc à Poulies;2012;Federal;V;F;CO;5858
Vétéran Homme Arc à Poulies;2012;Federal;V;H;CO;5859
Super Vétéran Femme Arc à Poulies;2012;Federal;SV;F;CO;5860
Super Vétéran Homme Arc à Poulies;2012;Federal;SV;H;CO;5861
Cadet Femme Bare Bow;2012;Campagne;C;F;BB;5832
Cadet Homme Bare bow;2012;Campagne;C;H;BB;5838
Junior Femme Bare Bow;2012;Campagne;J;F;BB;5808
Junior Homme Bare Bow;2012;Campagne;J;H;BB;5809
Vétéran Femme Bare Bow;2012;Campagne;V;F;BB;5812
Vétéran Homme Bare Bow;2012;Campagne;V;H;BB;5813
Scratch Femme Bare Bow;2012;Campagne;SC;F;BB;5962
Scratch Homme Bare Bow;2012;Campagne;SC;H;BB;5963
Benjamin Femme Arc Classique;2012;Campagne;B;F;CL;5814
Benjamin Homme Arc Classique;2012;Campagne;B;H;CL;5815
Minime Femme Arc Classique;2012;Campagne;M;F;CL;5816
Minime Homme Arc Classique;2012;Campagne;M;H;CL;5817
Cadet Femme Arc Classique;2012;Campagne;C;F;CL;5818
Cadet Homme Arc Classique;2012;Campagne;C;H;CL;5819
Junior Femme Arc Classique;2012;Campagne;J;F;CL;5820
Junior Homme Arc Classique;2012;Campagne;J;H;CL;5821
Vétéran Femme Arc Classique;2012;Campagne;V;F;CL;5824
Vétéran Homme Arc Classique;2012;Campagne;V;H;CL;5825
Scratch Femme Classique;2012;Campagne;SC;F;CL;5964
Scratch Homme Classique;2012;Campagne;SC;H;CL;5965
Junior Femme Arc à Poulies;2012;Campagne;J;F;CO;5826
Junior Homme Arc à Poulies;2012;Campagne;J;H;CO;5827
Vétéran Femme Arc à Poulies;2012;Campagne;V;F;CO;5830
Vétéran Homme Arc à Poulies;2012;Campagne;V;H;CO;5831
Scratch Femme Poulies;2012;Campagne;SC;F;CO;5966
Scratch Homme Poulies;2012;Campagne;SC;H;CO;5967
Benjamin Femme Bare Bow;2012;Nature;B;F;BB;5897
Benjamin Homme Bare Bow;2012;Nature;B;H;BB;5898
Minime Femme Bare Bow;2012;Nature;M;F;BB;5899
Minime Homme Bare Bow;2012;Nature;M;H;BB;5900
Cadet Femme Bare Bow;2012;Nature;C;F;BB;5901
Cadet Homme Bare Bow;2012;Nature;C;H;BB;5902
Junior Femme Bare Bow;2012;Nature;J;F;BB;5903
Junior Homme Bare Bow;2012;Nature;J;H;BB;5904
Senior Femme Bare Bow;2012;Nature;S;F;BB;5905
Senior Homme Bare Bow;2012;Nature;S;H;BB;5906
Vétéran Femme Bare Bow;2012;Nature;V;F;BB;5907
Vétéran Homme Bare Bow;2012;Nature;V;H;BB;5908
Junior Femme Arc Droit;2012;Nature;J;F;AD;5936
Junior Homme Arc Droit;2012;Nature;J;H;AD;5937
Senior Femme Arc Droit;2012;Nature;S;F;AD;5909
Senior Homme Arc Droit;2012;Nature;S;H;AD;5910
Vétéran Homme Arc Droit;2012;Nature;V;H;AD;6053
Vétéran Femme Arc Droit;2012;Nature;V;F;AD;6052
Junior Femme Arc Chasse;2012;Nature;J;F;AC;5944
Junior Homme Arc Chasse;2012;Nature;J;H;AC;5945
Senior Femme Arc Chasse;2012;Nature;S;F;AC;5911
Senior Homme Arc Chasse;2012;Nature;S;H;AC;5912
Vétéran Femme Arc Chasse;2012;Nature;V;F;AC;6054
Vétéran Homme Arc Chasse;2012;Nature;V;H;AC;6055
Junior Femme Arc Libre;2012;Nature;J;F;AL;5913
Junior Homme Arc Libre;2012;Nature;J;H;AL;5914
Senior Femme Arc Libre;2012;Nature;S;F;AL;5915
Senior Homme Arc Libre;2012;Nature;S;H;AL;5916
Vétéran Homme Arc Libre;2012;Nature;V;H;AL;6057
Vétéran Femme Arc  Libre;2012;Nature;V;F;AL;6056
Minime Femme Arc à Poulies Nu;2012;Nature;M;F;PN;5919
Minime Homme Arc à Poulies Nu;2012;Nature;M;H;PN;5920
Cadet Femme Arc à Poulies Nu;2012;Nature;C;F;PN;5921
Cadet Homme Arc à Poulies Nu;2012;Nature;C;H;PN;5922
Junior Femme Arc à Poulies Nu;2012;Nature;J;F;PN;5923
Junior Homme Arc à Poulies Nu;2012;Nature;J;H;PN;5924
Senior Femme Arc à Poulies Nu;2012;Nature;S;F;PN;5925
Senior Homme Arc à Poulies Nu;2012;Nature;S;H;PN;5926
Vétéran Homme Arc à Poulies Nu;2012;Nature;V;H;PN;5928
Vétéran Femme Arc à Poulies Nu;2012;Nature;V;F;PN;5927
Jeune Homme Bare Bow;2012;Salle;JE;H;BB;6067
Jeune Femme Bare Bow;2012;Salle;JE;F;BB;6065
Scratch Femme Bare Bow;2012;Salle;SC;F;BB;5450
Scratch Homme Bare Bow;2012;Salle;SC;H;BB;5449
Benjamin Femme Classique;2012;Salle;B;F;CL;5451
Benjamin Homme Classique;2012;Salle;B;H;CL;5452
Minime Femme Classique;2012;Salle;M;F;CL;5453
Minime Homme Classique;2012;Salle;M;H;CL;5454
Cadet Femme Classique;2012;Salle;C;F;CL;5455
Cadet Homme Classique;2012;Salle;C;H;CL;5456
Junior Femme Classique;2012;Salle;J;F;CL;5457
Junior Homme Classique;2012;Salle;J;H;CL;5458
Senior Femme Classique;2012;Salle;S;F;CL;5459
Senior Homme Classique;2012;Salle;S;H;CL;5460
Vétéran Femme Classique;2012;Salle;V;F;CL;5461
Vétéran Homme Classique;2012;Salle;V;H;CL;5462
Super Vétéran Femme Classique;2012;Salle;SV;F;CL;5463
Super Vétéran Homme Classique;2012;Salle;SV;H;CL;5464
Junior Femme Poulies;2012;Salle;J;F;CO;5465
Junior Homme Poulies;2012;Salle;J;H;CO;5466
Senior Femme Poulies;2012;Salle;S;F;CO;5467
Senior Homme Poulies;2012;Salle;S;H;CO;5468
Vétéran Femme Poulies;2012;Salle;V;F;CO;5469
Vétéran Homme Poulies;2012;Salle;V;H;CO;5470
Super Vétéran Femme Poulies;2012;Salle;SV;F;CO;5471
Super Vétéran Homme Poulies;2012;Salle;SV;H;CO;5472
Benjamin Femme Arc classique;2012;Fita;B;F;CL;5871
Benjamin Homme Arc classique;2012;Fita;B;H;CL;5872
Minime Femme Arc classique;2012;Fita;M;F;CL;5873
Minime Homme Arc classique;2012;Fita;M;H;CL;5874
Cadet Femme Arc classique;2012;Fita;C;F;CL;5875
Cadet Homme Arc classique;2012;Fita;C;H;CL;5876
Junior Femme Arc classique;2012;Fita;J;F;CL;5877
Junior Homme Arc classique;2012;Fita;J;H;CL;5878
Vétéran Femme Arc classique;2012;Fita;V;F;CL;5881
Vétéran Homme Arc classique;2012;Fita;V;H;CL;5882
Super Vétéran Femme Arc classique;2012;Fita;SV;F;CL;5883
Super Vétéran Homme Arc classique;2012;Fita;SV;H;CL;5884
Scratch Femme Classique;2012;Fita;SC;F;CL;5968
Scratch Homme Classique;2012;Fita;SC;H;CL;5969
Cadet Femme Arc a poulies;2012;Fita;C;F;CO;5896
Cadet Homme Arc a poulies;2012;Fita;C;H;CO;5893
Junior Femme Arc à Poulies;2012;Fita;J;F;CO;5885
Junior Homme Arc à Poulies;2012;Fita;J;H;CO;5886
Vétéran Femme Arc à Poulies;2012;Fita;V;F;CO;5889
Vétéran Homme Arc à Poulies;2012;Fita;V;H;CO;5890
Super Vétéran Femme Arc à Poulies;2012;Fita;SV;F;CO;5891
Super Vétéran Homme Arc à Poulies;2012;Fita;SV;H;CO;5892
Scratch Femme Poulies;2012;Fita;SC;F;CO;5970
Scratch Homme Poulies;2012;Fita;SC;H;CO;5971
Benjamin Femme Bare Bow;2012;3D;B;F;BB;5744
Benjamin Homme Bare Bow;2012;3D;B;H;BB;5745
Minime Femme Bare Bow;2012;3D;M;F;BB;5746
Minime Homme Bare Bow;2012;3D;M;H;BB;5747
Cadet Femme Bare Bow;2012;3D;C;F;BB;5748
Cadet Homme Bare Bow;2012;3D;C;H;BB;5749
Junior Femme Bare Bow;2012;3D;J;F;BB;5750
Junior Homme Bare Bow;2012;3D;J;H;BB;5751
Senior Femme Bare Bow;2012;3D;S;F;BB;5752
Senior Homme Bare Bow;2012;3D;S;H;BB;5753
Vétéran Femme Bare Bow;2012;3D;V;F;BB;5754
Vétéran Homme Bare Bow;2012;3D;V;H;BB;5755
Junior Femme Arc Droit;2012;3D;J;F;AD;5786
Junior Homme Arc Droit;2012;3D;J;H;AD;5787
Senior Femme Arc Droit;2012;3D;S;F;AD;5756
Senior Homme Arc Droit;2012;3D;S;H;AD;5757
Vétéran Femme Arc droit;2012;3D;V;F;AD;6022
Vétéran Homme Arc droit;2012;3D;V;H;AD;6023
Junior Femme Arc Chasse;2012;3D;J;F;AC;5796
Junior Homme Arc Chasse;2012;3D;J;H;AC;5797
Senior Femme Arc Chasse;2012;3D;S;F;AC;5758
Senior Homme Arc Chasse;2012;3D;S;H;AC;5759
Vétéran Femme Arc Chasse;2012;3D;V;F;AC;6024
Vétéran Homme Arc Chasse;2012;3D;V;H;AC;6025
Junior Femme Arc Libre;2012;3D;J;F;AL;5760
Junior Homme Arc Libre;2012;3D;J;H;AL;5761
Senior Femme Arc Libre;2012;3D;S;F;AL;5762
Senior Homme Arc Libre;2012;3D;S;H;AL;5763
Vétéran Femme Arc libre;2012;3D;V;F;AL;6026
Vétéran Homme Arc libre;2012;3D;V;H;AL;6028
Minime Femme Arc à Poulies Nu;2012;3D;M;F;PN;5766
Minime Homme Arc à Poulies Nu;2012;3D;M;H;PN;5767
Cadet Femme Arc à Poulies Nu;2012;3D;C;F;PN;5768
Cadet Homme Arc à Poulies Nu;2012;3D;C;H;PN;5769
Junior Femme Arc à Poulies Nu;2012;3D;J;F;PN;5770
Junior Homme Arc à Poulies Nu;2012;3D;J;H;PN;5771
Senior Femme Arc à Poulies Nu;2012;3D;S;F;PN;5772
Senior Homme Arc à Poulies Nu;2012;3D;S;H;PN;5773
Vétéran Femme Arc à Poulies Nu;2012;3D;V;F;PN;5774
Vétéran Homme Arc à Poulies Nu;2012;3D;V;H;PN;5775
Benjamin Femme Arc Classique;2013;Federal;B;F;CL;6563
Benjamin Homme Arc Classique;2013;Federal;B;H;CL;6564
Minime Femme Arc Classique;2013;Federal;M;F;CL;6565
Minime Homme Arc Classique;2013;Federal;M;H;CL;6566
Cadet Femme Arc Classique;2013;Federal;C;F;CL;6567
Cadet Homme Arc Classique;2013;Federal;C;H;CL;6568
Junior Femme Arc Classique;2013;Federal;J;F;CL;6569
Junior Homme Arc Classique;2013;Federal;J;H;CL;6570
Senior Femme Arc Classique;2013;Federal;S;F;CL;6571
Senior Homme Arc Classique;2013;Federal;S;H;CL;6572
Vétéran Femme Arc Classique;2013;Federal;V;F;CL;6573
Vétéran Homme Arc Classique;2013;Federal;V;H;CL;6574
Super Vétéran Femme Arc Classique;2013;Federal;SV;F;CL;6575
Super Vétéran Homme Arc Classique;2013;Federal;SV;H;CL;6576
Cadet Femme Arc à poulies;2013;Federal;C;F;CO;6594
Cadet Homme Arc à poulies;2013;Federal;C;H;CO;6596
Junior Femme Arc à Poulies;2013;Federal;J;F;CO;6578
Junior Homme Arc à Poulies;2013;Federal;J;H;CO;6577
Senior Femme Arc à Poulies;2013;Federal;S;F;CO;6579
Senior Homme Arc à Poulies;2013;Federal;S;H;CO;6580
Vétéran Femme Arc à Poulies;2013;Federal;V;F;CO;6581
Vétéran Homme Arc à Poulies;2013;Federal;V;H;CO;6582
Super Vétéran Femme Arc à Poulies;2013;Federal;SV;F;CO;6583
Super Vétéran Homme Arc à Poulies;2013;Federal;SV;H;CO;6584
Cadet Femme Bare Bow;2013;Campagne;C;F;BB;6553
Cadet Homme Bare bow;2013;Campagne;C;H;BB;6559
Junior Femme Bare Bow;2013;Campagne;J;F;BB;6529
Junior Homme Bare Bow;2013;Campagne;J;H;BB;6530
Vétéran Femme Bare Bow;2013;Campagne;V;F;BB;6533
Vétéran Homme Bare Bow;2013;Campagne;V;H;BB;6534
Scratch Femme Bare Bow;2013;Campagne;SC;F;BB;6710
Scratch Homme Bare Bow;2013;Campagne;SC;H;BB;6711
Benjamin Femme Arc Classique;2013;Campagne;B;F;CL;6535
Benjamin Homme Arc Classique;2013;Campagne;B;H;CL;6536
Minime Femme Arc Classique;2013;Campagne;M;F;CL;6537
Minime Homme Arc Classique;2013;Campagne;M;H;CL;6538
Cadet Femme Arc Classique;2013;Campagne;C;F;CL;6539
Cadet Homme Arc Classique;2013;Campagne;C;H;CL;6540
Junior Femme Arc Classique;2013;Campagne;J;F;CL;6541
Junior Homme Arc Classique;2013;Campagne;J;H;CL;6542
Vétéran Femme Arc Classique;2013;Campagne;V;F;CL;6545
Vétéran Homme Arc Classique;2013;Campagne;V;H;CL;6546
Scratch Femme Classique;2013;Campagne;SC;F;CL;6712
Scratch Homme Classique;2013;Campagne;SC;H;CL;6713
Junior Femme Arc à Poulies;2013;Campagne;J;F;CO;6547
Junior Homme Arc à Poulies;2013;Campagne;J;H;CO;6548
Vétéran Femme Arc à Poulies;2013;Campagne;V;F;CO;6551
Vétéran Homme Arc à Poulies;2013;Campagne;V;H;CO;6552
Scratch Femme Poulies;2013;Campagne;SC;F;CO;6714
Scratch Homme Poulies;2013;Campagne;SC;H;CO;6715
Benjamin Femme Bare Bow;2013;Nature;B;F;BB;6627
Benjamin Homme Bare Bow;2013;Nature;B;H;BB;6628
Minime Femme Bare Bow;2013;Nature;M;F;BB;6629
Minime Homme Bare Bow;2013;Nature;M;H;BB;6630
Cadet Femme Bare Bow;2013;Nature;C;F;BB;6631
Cadet Homme Bare Bow;2013;Nature;C;H;BB;6632
Junior Femme Bare Bow;2013;Nature;J;F;BB;6633
Junior Homme Bare Bow;2013;Nature;J;H;BB;6634
Senior Femme Bare Bow;2013;Nature;S;F;BB;6635
Senior Homme Bare Bow;2013;Nature;S;H;BB;6636
Vétéran Femme Bare Bow;2013;Nature;V;F;BB;6637
Vétéran Homme Bare Bow;2013;Nature;V;H;BB;6638
Junior Femme Arc Droit;2013;Nature;J;F;AD;6666
Junior Homme Arc Droit;2013;Nature;J;H;AD;6667
Senior Femme Arc Droit;2013;Nature;S;F;AD;6639
Senior Homme Arc Droit;2013;Nature;S;H;AD;6640
Vétéran Homme Arc Droit;2013;Nature;V;H;AD;6686
Vétéran Femme Arc Droit;2013;Nature;V;F;AD;6685
Junior Femme Arc Chasse;2013;Nature;J;F;AC;6674
Junior Homme Arc Chasse;2013;Nature;J;H;AC;6675
Senior Femme Arc Chasse;2013;Nature;S;F;AC;6641
Senior Homme Arc Chasse;2013;Nature;S;H;AC;6642
Vétéran Femme Arc Chasse;2013;Nature;V;F;AC;6687
Vétéran Homme Arc Chasse;2013;Nature;V;H;AC;6688
Cadet Femme Arc Libre;2013;Nature;C;F;AL;6680
Cadet Homme Arc Libre;2013;Nature;C;H;AL;6681
Junior Femme Arc Libre;2013;Nature;J;F;AL;6643
Junior Homme Arc Libre;2013;Nature;J;H;AL;6644
Senior Femme Arc Libre;2013;Nature;S;F;AL;6645
Senior Homme Arc Libre;2013;Nature;S;H;AL;6646
Vétéran Femme Arc  Libre;2013;Nature;V;F;AL;6689
Vétéran Homme Arc Libre;2013;Nature;V;H;AL;6690
Junior Femme Arc à Poulies Nu;2013;Nature;J;F;PN;6653
Junior Homme Arc à Poulies Nu;2013;Nature;J;H;PN;6654
Senior Femme Arc à Poulies Nu;2013;Nature;S;F;PN;6655
Senior Homme Arc à Poulies Nu;2013;Nature;S;H;PN;6656
Vétéran Femme Arc à Poulies Nu;2013;Nature;V;F;PN;6657
Vétéran Homme Arc à Poulies Nu;2013;Nature;V;H;PN;6658
Cadet Femme Bare Bow;2013;Salle;C;F;BB;6143
Cadet Homme Bare Bow;2013;Salle;C;H;BB;6144
Scratch Femme Bare Bow;2013;Salle;SC;F;BB;6111
Scratch Homme Bare Bow;2013;Salle;SC;H;BB;6110
Benjamin Femme Classique;2013;Salle;B;F;CL;6112
Benjamin Homme Classique;2013;Salle;B;H;CL;6113
Minime Femme Classique;2013;Salle;M;F;CL;6114
Minime Homme Classique;2013;Salle;M;H;CL;6115
Cadet Femme Classique;2013;Salle;C;F;CL;6116
Cadet Homme Classique;2013;Salle;C;H;CL;6117
Junior Femme Classique;2013;Salle;J;F;CL;6118
Junior Homme Classique;2013;Salle;J;H;CL;6119
Senior Femme Classique;2013;Salle;S;F;CL;6120
Senior Homme Classique;2013;Salle;S;H;CL;6121
Vétéran Femme Classique;2013;Salle;V;F;CL;6122
Vétéran Homme Classique;2013;Salle;V;H;CL;6123
Super Vétéran Femme Classique;2013;Salle;SV;F;CL;6124
Super Vétéran Homme Classique;2013;Salle;SV;H;CL;6125
Cadet Femme Arc à poulies;2013;Salle;C;F;CO;6141
Cadet Homme Arc à poulies;2013;Salle;C;H;CO;6142
Junior Femme Poulies;2013;Salle;J;F;CO;6126
Junior Homme Poulies;2013;Salle;J;H;CO;6127
Senior Femme Poulies;2013;Salle;S;F;CO;6128
Senior Homme Poulies;2013;Salle;S;H;CO;6129
Vétéran Femme Poulies;2013;Salle;V;F;CO;6130
Vétéran Homme Poulies;2013;Salle;V;H;CO;6131
Super Vétéran Femme Poulies;2013;Salle;SV;F;CO;6132
Super Vétéran Homme Poulies;2013;Salle;SV;H;CO;6133
Benjamin Femme Arc classique;2013;Fita;B;F;CL;6600
Benjamin Homme Arc classique;2013;Fita;B;H;CL;6601
Minime Femme Arc classique;2013;Fita;M;F;CL;6602
Minime Homme Arc classique;2013;Fita;M;H;CL;6603
Cadet Femme Arc classique;2013;Fita;C;F;CL;6604
Cadet Homme Arc classique;2013;Fita;C;H;CL;6605
Junior Femme Arc classique;2013;Fita;J;F;CL;6606
Junior Homme Arc classique;2013;Fita;J;H;CL;6607
Vétéran Femme Arc classique;2013;Fita;V;F;CL;6610
Vétéran Homme Arc classique;2013;Fita;V;H;CL;6611
Super Vétéran Femme Arc classique;2013;Fita;SV;F;CL;6612
Super Vétéran Homme Arc classique;2013;Fita;SV;H;CL;6613
Scratch Femme Classique;2013;Fita;SC;F;CL;6716
Scratch Homme Classique;2013;Fita;SC;H;CL;6717
Cadet Femme Arc a poulies;2013;Fita;C;F;CO;6625
Cadet Homme Arc a poulies;2013;Fita;C;H;CO;6622
Junior Femme Arc à Poulies;2013;Fita;J;F;CO;6614
Junior Homme Arc à Poulies;2013;Fita;J;H;CO;6615
Vétéran Femme Arc à Poulies;2013;Fita;V;F;CO;6618
Vétéran Homme Arc à Poulies;2013;Fita;V;H;CO;6619
Super Vétéran Femme Arc à Poulies;2013;Fita;SV;F;CO;6620
Super Vétéran Homme Arc à Poulies;2013;Fita;SV;H;CO;6621
Scratch Femme Poulies;2013;Fita;SC;F;CO;6718
Scratch Homme Poulies;2013;Fita;SC;H;CO;6719
Benjamin Femme Bare Bow;2013;3D;B;F;BB;6459
Benjamin Homme Bare Bow;2013;3D;B;H;BB;6460
Minime Femme Bare Bow;2013;3D;M;F;BB;6461
Minime Homme Bare Bow;2013;3D;M;H;BB;6462
Cadet Femme Bare Bow;2013;3D;C;F;BB;6463
Cadet Homme Bare Bow;2013;3D;C;H;BB;6464
Junior Femme Bare Bow;2013;3D;J;F;BB;6465
Junior Homme Bare Bow;2013;3D;J;H;BB;6466
Senior Femme Bare Bow;2013;3D;S;F;BB;6467
Senior Homme Bare Bow;2013;3D;S;H;BB;6468
Vétéran Femme Bare Bow;2013;3D;V;F;BB;6469
Vétéran Homme Bare Bow;2013;3D;V;H;BB;6470
Junior Femme Arc Droit;2013;3D;J;F;AD;6501
Junior Homme Arc Droit;2013;3D;J;H;AD;6502
Senior Femme Arc Droit;2013;3D;S;F;AD;6471
Senior Homme Arc Droit;2013;3D;S;H;AD;6472
Vétéran Femme Arc droit;2013;3D;V;F;AD;6523
Vétéran Homme Arc droit;2013;3D;V;H;AD;6524
Junior Femme Arc Chasse;2013;3D;J;F;AC;6511
Junior Homme Arc Chasse;2013;3D;J;H;AC;6512
Senior Femme Arc Chasse;2013;3D;S;F;AC;6473
Senior Homme Arc Chasse;2013;3D;S;H;AC;6474
Vétéran Femme Arc Chasse;2013;3D;V;F;AC;6525
Vétéran Homme Arc Chasse;2013;3D;V;H;AC;6526
Cadet Femme Arc Libre;2013;3D;C;F;AL;6519
Cadet Homme Arc Libre;2013;3D;C;H;AL;6520
Junior Femme Arc Libre;2013;3D;J;F;AL;6475
Junior Homme Arc Libre;2013;3D;J;H;AL;6476
Senior Femme Arc Libre;2013;3D;S;F;AL;6477
Senior Homme Arc Libre;2013;3D;S;H;AL;6478
Vétéran Femme Arc libre;2013;3D;V;F;AL;6527
Vétéran Homme Arc libre;2013;3D;V;H;AL;6528
Junior Femme Arc à Poulies Nu;2013;3D;J;F;PN;6485
Junior Homme Arc à Poulies Nu;2013;3D;J;H;PN;6486
Senior Femme Arc à Poulies Nu;2013;3D;S;F;PN;6487
Senior Homme Arc à Poulies Nu;2013;3D;S;H;PN;6488
Vétéran Homme Arc à Poulies Nu;2013;3D;V;H;PN;6490
Vétéran Femme Arc à Poulies Nu;2013;3D;V;F;PN;6489
Benjamin Femme Arc Classique;2014;Federal;B;F;CL;7213
Benjamin Homme Arc Classique;2014;Federal;B;H;CL;7214
Minime Femme Arc Classique;2014;Federal;M;F;CL;7215
Minime Homme Arc Classique;2014;Federal;M;H;CL;7216
Cadet Femme Arc Classique;2014;Federal;C;F;CL;7217
Cadet Homme Arc Classique;2014;Federal;C;H;CL;7218
Junior Femme Arc Classique;2014;Federal;J;F;CL;7219
Junior Homme Arc Classique;2014;Federal;J;H;CL;7220
Senior Femme Arc Classique;2014;Federal;S;F;CL;7221
Senior Homme Arc Classique;2014;Federal;S;H;CL;7222
Vétéran Femme Arc Classique;2014;Federal;V;F;CL;7223
Vétéran Homme Arc Classique;2014;Federal;V;H;CL;7224
Super Vétéran Femme Arc Classique;2014;Federal;SV;F;CL;7225
Super Vétéran Homme Arc Classique;2014;Federal;SV;H;CL;7226
Cadet Femme Arc à poulies;2014;Federal;C;F;CO;7244
Cadet Homme Arc à poulies;2014;Federal;C;H;CO;7246
Junior Femme Arc à Poulies;2014;Federal;J;F;CO;7228
Junior Homme Arc à Poulies;2014;Federal;J;H;CO;7227
Senior Femme Arc à Poulies;2014;Federal;S;F;CO;7229
Senior Homme Arc à Poulies;2014;Federal;S;H;CO;7230
Vétéran Femme Arc à Poulies;2014;Federal;V;F;CO;7231
Vétéran Homme Arc à Poulies;2014;Federal;V;H;CO;7232
Super Vétéran Femme Arc à Poulies;2014;Federal;SV;F;CO;7233
Super Vétéran Homme Arc à Poulies;2014;Federal;SV;H;CO;7234
Cadet Femme Bare Bow;2014;Campagne;C;F;BB;7206
Cadet Homme Bare bow;2014;Campagne;C;H;BB;7212
Junior Femme Bare Bow;2014;Campagne;J;F;BB;7182
Junior Homme Bare Bow;2014;Campagne;J;H;BB;7183
Vétéran Femme Bare Bow;2014;Campagne;V;F;BB;7186
Vétéran Homme Bare Bow;2014;Campagne;V;H;BB;7187
Scratch Femme Bare Bow;2014;Campagne;SC;F;BB;7354
Scratch Homme Bare Bow;2014;Campagne;SC;H;BB;7355
Benjamin Femme Arc Classique;2014;Campagne;B;F;CL;7188
Benjamin Homme Arc Classique;2014;Campagne;B;H;CL;7189
Minime Femme Arc Classique;2014;Campagne;M;F;CL;7190
Minime Homme Arc Classique;2014;Campagne;M;H;CL;7191
Cadet Femme Arc Classique;2014;Campagne;C;F;CL;7192
Cadet Homme Arc Classique;2014;Campagne;C;H;CL;7193
Junior Femme Arc Classique;2014;Campagne;J;F;CL;7194
Junior Homme Arc Classique;2014;Campagne;J;H;CL;7195
Vétéran Femme Arc Classique;2014;Campagne;V;F;CL;7198
Vétéran Homme Arc Classique;2014;Campagne;V;H;CL;7199
Scratch Femme Classique;2014;Campagne;SC;F;CL;7356
Scratch Homme Classique;2014;Campagne;SC;H;CL;7357
Junior Femme Arc à Poulies;2014;Campagne;J;F;CO;7200
Junior Homme Arc à Poulies;2014;Campagne;J;H;CO;7201
Vétéran Femme Arc à Poulies;2014;Campagne;V;F;CO;7204
Vétéran Homme Arc à Poulies;2014;Campagne;V;H;CO;7205
Scratch Femme Poulies;2014;Campagne;SC;F;CO;7358
Scratch Homme Poulies;2014;Campagne;SC;H;CO;7359
Benjamin Femme Bare Bow;2014;Nature;B;F;BB;7277
Benjamin Homme Bare Bow;2014;Nature;B;H;BB;7278
Minime Femme Bare Bow;2014;Nature;M;F;BB;7279
Minime Homme Bare Bow;2014;Nature;M;H;BB;7280
Cadet Femme Bare Bow;2014;Nature;C;F;BB;7281
Cadet Homme Bare Bow;2014;Nature;C;H;BB;7282
Junior Femme Bare Bow;2014;Nature;J;F;BB;7283
Junior Homme Bare Bow;2014;Nature;J;H;BB;7284
Senior Femme Bare Bow;2014;Nature;S;F;BB;7285
Senior Homme Bare Bow;2014;Nature;S;H;BB;7286
Vétéran Femme Bare Bow;2014;Nature;V;F;BB;7287
Vétéran Homme Bare Bow;2014;Nature;V;H;BB;7288
Junior Femme Arc Droit;2014;Nature;J;F;AD;7312
Junior Homme Arc Droit;2014;Nature;J;H;AD;7313
Senior Femme Arc Droit;2014;Nature;S;F;AD;7289
Senior Homme Arc Droit;2014;Nature;S;H;AD;7290
Vétéran Femme Arc Droit;2014;Nature;V;F;AD;7329
Vétéran Homme Arc Droit;2014;Nature;V;H;AD;7330
Junior Femme Arc Chasse;2014;Nature;J;F;AC;7318
Junior Homme Arc Chasse;2014;Nature;J;H;AC;7319
Senior Femme Arc Chasse;2014;Nature;S;F;AC;7291
Senior Homme Arc Chasse;2014;Nature;S;H;AC;7292
Vétéran Femme Arc Chasse;2014;Nature;V;F;AC;7331
Vétéran Homme Arc Chasse;2014;Nature;V;H;AC;7332
Cadet Femme Arc Libre;2014;Nature;C;F;AL;7324
Cadet Homme Arc Libre;2014;Nature;C;H;AL;7325
Junior Femme Arc Libre;2014;Nature;J;F;AL;7293
Junior Homme Arc Libre;2014;Nature;J;H;AL;7294
Senior Femme Arc Libre;2014;Nature;S;F;AL;7295
Senior Homme Arc Libre;2014;Nature;S;H;AL;7296
Vétéran Femme Arc  Libre;2014;Nature;V;F;AL;7333
Vétéran Homme Arc Libre;2014;Nature;V;H;AL;7334
Junior Femme Arc à Poulies Nu;2014;Nature;J;F;PN;7301
Junior Homme Arc à Poulies Nu;2014;Nature;J;H;PN;7302
Senior Femme Arc à Poulies Nu;2014;Nature;S;F;PN;7303
Senior Homme Arc à Poulies Nu;2014;Nature;S;H;PN;7304
Vétéran Femme Arc à Poulies Nu;2014;Nature;V;F;PN;7305
Vétéran Homme Arc à Poulies Nu;2014;Nature;V;H;PN;7306
Cadet Homme Bare Bow;2014;Salle;C;H;BB;6825
Cadet Femme Bare Bow;2014;Salle;C;F;BB;6824
Scratch Femme Bare Bow;2014;Salle;SC;F;BB;6792
Scratch Homme Bare Bow;2014;Salle;SC;H;BB;6791
Benjamin Femme Classique;2014;Salle;B;F;CL;6793
Benjamin Homme Classique;2014;Salle;B;H;CL;6794
Minime Femme Classique;2014;Salle;M;F;CL;6795
Minime Homme Classique;2014;Salle;M;H;CL;6796
Cadet Femme Classique;2014;Salle;C;F;CL;6797
Cadet Homme Classique;2014;Salle;C;H;CL;6798
Junior Femme Classique;2014;Salle;J;F;CL;6799
Junior Homme Classique;2014;Salle;J;H;CL;6800
Senior Femme Classique;2014;Salle;S;F;CL;6801
Senior Homme Classique;2014;Salle;S;H;CL;6802
Vétéran Femme Classique;2014;Salle;V;F;CL;6803
Vétéran Homme Classique;2014;Salle;V;H;CL;6804
Super Vétéran Femme Classique;2014;Salle;SV;F;CL;6805
Super Vétéran Homme Classique;2014;Salle;SV;H;CL;6806
Cadet Femme Arc à poulies;2014;Salle;C;F;CO;6822
Cadet Homme Arc à poulies;2014;Salle;C;H;CO;6823
Junior Femme Poulies;2014;Salle;J;F;CO;6807
Junior Homme Poulies;2014;Salle;J;H;CO;6808
Senior Femme Poulies;2014;Salle;S;F;CO;6809
Senior Homme Poulies;2014;Salle;S;H;CO;6810
Vétéran Femme Poulies;2014;Salle;V;F;CO;6811
Vétéran Homme Poulies;2014;Salle;V;H;CO;6812
Super Vétéran Femme Poulies;2014;Salle;SV;F;CO;6813
Super Vétéran Homme Poulies;2014;Salle;SV;H;CO;6814
Benjamin Femme Arc classique;2014;Fita;B;F;CL;7250
Benjamin Homme Arc classique;2014;Fita;B;H;CL;7251
Minime Femme Arc classique;2014;Fita;M;F;CL;7252
Minime Homme Arc classique;2014;Fita;M;H;CL;7253
Cadet Femme Arc classique;2014;Fita;C;F;CL;7254
Cadet Homme Arc classique;2014;Fita;C;H;CL;7255
Junior Femme Arc classique;2014;Fita;J;F;CL;7256
Junior Homme Arc classique;2014;Fita;J;H;CL;7257
Vétéran Femme Arc classique;2014;Fita;V;F;CL;7260
Vétéran Homme Arc classique;2014;Fita;V;H;CL;7261
Super Vétéran Femme Arc classique;2014;Fita;SV;F;CL;7262
Super Vétéran Homme Arc classique;2014;Fita;SV;H;CL;7263
Scratch Femme Classique;2014;Fita;SC;F;CL;7360
Scratch Homme Classique;2014;Fita;SC;H;CL;7361
Cadet Femme Arc a poulies;2014;Fita;C;F;CO;7275
Cadet Homme Arc a poulies;2014;Fita;C;H;CO;7272
Junior Femme Arc à Poulies;2014;Fita;J;F;CO;7264
Junior Homme Arc à Poulies;2014;Fita;J;H;CO;7265
Vétéran Femme Arc à Poulies;2014;Fita;V;F;CO;7268
Vétéran Homme Arc à Poulies;2014;Fita;V;H;CO;7269
Super Vétéran Femme Arc à Poulies;2014;Fita;SV;F;CO;7270
Super Vétéran Homme Arc à Poulies;2014;Fita;SV;H;CO;7271
Scratch Femme Poulies;2014;Fita;SC;F;CO;7362
Scratch Homme Poulies;2014;Fita;SC;H;CO;7363
Benjamin Femme Bare Bow;2014;3D;B;F;BB;7118
Benjamin Homme Bare Bow;2014;3D;B;H;BB;7119
Minime Femme Bare Bow;2014;3D;M;F;BB;7120
Minime Homme Bare Bow;2014;3D;M;H;BB;7121
Cadet Femme Bare Bow;2014;3D;C;F;BB;7122
Cadet Homme Bare Bow;2014;3D;C;H;BB;7123
Junior Femme Bare Bow;2014;3D;J;F;BB;7124
Junior Homme Bare Bow;2014;3D;J;H;BB;7125
Senior Femme Bare Bow;2014;3D;S;F;BB;7126
Senior Homme Bare Bow;2014;3D;S;H;BB;7127
Vétéran Femme Bare Bow;2014;3D;V;F;BB;7128
Vétéran Homme Bare Bow;2014;3D;V;H;BB;7129
Junior Femme Arc Droit;2014;3D;J;F;AD;7156
Junior Homme Arc Droit;2014;3D;J;H;AD;7157
Senior Femme Arc Droit;2014;3D;S;F;AD;7130
Senior Homme Arc Droit;2014;3D;S;H;AD;7131
Vétéran Femme Arc droit;2014;3D;V;F;AD;7176
Vétéran Homme Arc droit;2014;3D;V;H;AD;7177
Junior Femme Arc Chasse;2014;3D;J;F;AC;7164
Junior Homme Arc Chasse;2014;3D;J;H;AC;7165
Senior Femme Arc Chasse;2014;3D;S;F;AC;7132
Senior Homme Arc Chasse;2014;3D;S;H;AC;7133
Vétéran Femme Arc Chasse;2014;3D;V;F;AC;7178
Vétéran Homme Arc Chasse;2014;3D;V;H;AC;7179
Cadet Femme Arc Libre;2014;3D;C;F;AL;7172
Cadet Homme Arc Libre;2014;3D;C;H;AL;7173
Junior Femme Arc Libre;2014;3D;J;F;AL;7134
Junior Homme Arc Libre;2014;3D;J;H;AL;7135
Senior Femme Arc Libre;2014;3D;S;F;AL;7136
Senior Homme Arc Libre;2014;3D;S;H;AL;7137
Vétéran Femme Arc libre;2014;3D;V;F;AL;7180
Vétéran Homme Arc libre;2014;3D;V;H;AL;7181
Junior Femme Arc à Poulies Nu;2014;3D;J;F;PN;7142
Junior Homme Arc à Poulies Nu;2014;3D;J;H;PN;7143
Senior Femme Arc à Poulies Nu;2014;3D;S;F;PN;7144
Senior Homme Arc à Poulies Nu;2014;3D;S;H;PN;7145
Vétéran Femme Arc à Poulies Nu;2014;3D;V;F;PN;7146
Vétéran Homme Arc à Poulies Nu;2014;3D;V;H;PN;7147
Benjamin Femme Arc Classique;2015;Federal;B;F;CL;9112
Benjamin Homme Arc Classique;2015;Federal;B;H;CL;9113
Minime Femme Arc Classique;2015;Federal;M;F;CL;9114
Minime Homme Arc Classique;2015;Federal;M;H;CL;9115
Cadet Femme Arc Classique;2015;Federal;C;F;CL;9116
Cadet Homme Arc Classique;2015;Federal;C;H;CL;9117
Junior Femme Arc Classique;2015;Federal;J;F;CL;9118
Junior Homme Arc Classique;2015;Federal;J;H;CL;9119
Senior Femme Arc Classique;2015;Federal;S;F;CL;9120
Senior Homme Arc Classique;2015;Federal;S;H;CL;9121
Vétéran Femme Arc Classique;2015;Federal;V;F;CL;9122
Vétéran Homme Arc Classique;2015;Federal;V;H;CL;9123
Super Vétéran Femme Arc Classique;2015;Federal;SV;F;CL;9124
Super Vétéran Homme Arc Classique;2015;Federal;SV;H;CL;9125
Cadet Femme Arc à poulies;2015;Federal;C;F;CO;9143
Cadet Homme Arc à poulies;2015;Federal;C;H;CO;9145
Junior Femme Arc à Poulies;2015;Federal;J;F;CO;9127
Junior Homme Arc à Poulies;2015;Federal;J;H;CO;9126
Senior Femme Arc à Poulies;2015;Federal;S;F;CO;9128
Senior Homme Arc à Poulies;2015;Federal;S;H;CO;9129
Vétéran Femme Arc à Poulies;2015;Federal;V;F;CO;9130
Vétéran Homme Arc à Poulies;2015;Federal;V;H;CO;9131
Super Vétéran Femme Arc à Poulies;2015;Federal;SV;F;CO;9132
Super Vétéran Homme Arc à Poulies;2015;Federal;SV;H;CO;9133
Cadet Homme Bare bow;2015;Campagne;C;H;BB;9111
Cadet Femme Bare Bow;2015;Campagne;C;F;BB;9105
Junior Femme Bare Bow;2015;Campagne;J;F;BB;9081
Junior Homme Bare Bow;2015;Campagne;J;H;BB;9082
Vétéran Femme Bare Bow;2015;Campagne;V;F;BB;9085
Vétéran Homme Bare Bow;2015;Campagne;V;H;BB;9086
Scratch Femme Bare Bow;2015;Campagne;SC;F;BB;9253
Scratch Homme Bare Bow;2015;Campagne;SC;H;BB;9254
Benjamin Femme Arc Classique;2015;Campagne;B;F;CL;9087
Benjamin Homme Arc Classique;2015;Campagne;B;H;CL;9088
Minime Femme Arc Classique;2015;Campagne;M;F;CL;9089
Minime Homme Arc Classique;2015;Campagne;M;H;CL;9090
Cadet Femme Arc Classique;2015;Campagne;C;F;CL;9091
Cadet Homme Arc Classique;2015;Campagne;C;H;CL;9092
Junior Femme Arc Classique;2015;Campagne;J;F;CL;9093
Junior Homme Arc Classique;2015;Campagne;J;H;CL;9094
Vétéran Femme Arc Classique;2015;Campagne;V;F;CL;9097
Vétéran Homme Arc Classique;2015;Campagne;V;H;CL;9098
Scratch Femme Classique;2015;Campagne;SC;F;CL;9255
Scratch Homme Classique;2015;Campagne;SC;H;CL;9256
Cadet Femme Arc à poulies;2015;Campagne;C;F;CO;9284
Cadet Homme Arc à poulies;2015;Campagne;C;H;CO;9285
Junior Femme Arc à Poulies;2015;Campagne;J;F;CO;9099
Junior Homme Arc à Poulies;2015;Campagne;J;H;CO;9100
Vétéran Femme Arc à Poulies;2015;Campagne;V;F;CO;9103
Vétéran Homme Arc à Poulies;2015;Campagne;V;H;CO;9104
Scratch Femme Poulies;2015;Campagne;SC;F;CO;9257
Scratch Homme Poulies;2015;Campagne;SC;H;CO;9258
Benjamin Femme Bare Bow;2015;Nature;B;F;BB;9176
Benjamin Homme Bare Bow;2015;Nature;B;H;BB;9177
Minime Femme Bare Bow;2015;Nature;M;F;BB;9178
Minime Homme Bare Bow;2015;Nature;M;H;BB;9179
Cadet Femme Bare Bow;2015;Nature;C;F;BB;9180
Cadet Homme Bare Bow;2015;Nature;C;H;BB;9181
Junior Femme Bare Bow;2015;Nature;J;F;BB;9182
Junior Homme Bare Bow;2015;Nature;J;H;BB;9183
Senior Femme Bare Bow;2015;Nature;S;F;BB;9184
Senior Homme Bare Bow;2015;Nature;S;H;BB;9185
Vétéran Femme Bare Bow;2015;Nature;V;F;BB;9186
Vétéran Homme Bare Bow;2015;Nature;V;H;BB;9187
Junior Femme Arc Droit;2015;Nature;J;F;AD;9211
Junior Homme Arc Droit;2015;Nature;J;H;AD;9212
Senior Femme Arc Droit;2015;Nature;S;F;AD;9188
Senior Homme Arc Droit;2015;Nature;S;H;AD;9189
Vétéran Femme Arc Droit;2015;Nature;V;F;AD;9228
Vétéran Homme Arc Droit;2015;Nature;V;H;AD;9229
Junior Femme Arc Chasse;2015;Nature;J;F;AC;9217
Junior Homme Arc Chasse;2015;Nature;J;H;AC;9218
Senior Femme Arc Chasse;2015;Nature;S;F;AC;9190
Senior Homme Arc Chasse;2015;Nature;S;H;AC;9191
Vétéran Femme Arc Chasse;2015;Nature;V;F;AC;9230
Vétéran Homme Arc Chasse;2015;Nature;V;H;AC;9231
Cadet Femme Arc Libre;2015;Nature;C;F;AL;9223
Cadet Homme Arc Libre;2015;Nature;C;H;AL;9224
Junior Femme Arc Libre;2015;Nature;J;F;AL;9192
Junior Homme Arc Libre;2015;Nature;J;H;AL;9193
Senior Femme Arc Libre;2015;Nature;S;F;AL;9194
Senior Homme Arc Libre;2015;Nature;S;H;AL;9195
Vétéran Femme Arc  Libre;2015;Nature;V;F;AL;9232
Vétéran Homme Arc Libre;2015;Nature;V;H;AL;9233
Junior Femme Arc à Poulies Nu;2015;Nature;J;F;PN;9200
Junior Homme Arc à Poulies Nu;2015;Nature;J;H;PN;9201
Senior Femme Arc à Poulies Nu;2015;Nature;S;F;PN;9202
Senior Homme Arc à Poulies Nu;2015;Nature;S;H;PN;9203
Vétéran Homme Arc à Poulies Nu;2015;Nature;V;H;PN;9205
Vétéran Femme Arc à Poulies Nu;2015;Nature;V;F;PN;9204
Cadet Femme Bare Bow;2015;Salle;C;F;BB;8700
Cadet Homme Bare Bow;2015;Salle;C;H;BB;8701
Scratch Femme Bare Bow;2015;Salle;SC;F;BB;8668
Scratch Homme Bare Bow;2015;Salle;SC;H;BB;8667
Benjamin Femme Classique;2015;Salle;B;F;CL;8669
Benjamin Homme Classique;2015;Salle;B;H;CL;8670
Minime Femme Classique;2015;Salle;M;F;CL;8671
Minime Homme Classique;2015;Salle;M;H;CL;8672
Cadet Femme Classique;2015;Salle;C;F;CL;8673
Cadet Homme Classique;2015;Salle;C;H;CL;8674
Junior Femme Classique;2015;Salle;J;F;CL;8675
Junior Homme Classique;2015;Salle;J;H;CL;8676
Senior Femme Classique;2015;Salle;S;F;CL;8677
Senior Homme Classique;2015;Salle;S;H;CL;8678
Vétéran Femme Classique;2015;Salle;V;F;CL;8679
Vétéran Homme Classique;2015;Salle;V;H;CL;8680
Super Vétéran Femme Classique;2015;Salle;SV;F;CL;8681
Super Vétéran Homme Classique;2015;Salle;SV;H;CL;8682
Cadet Femme Arc à poulies;2015;Salle;C;F;CO;8698
Cadet Homme Arc à poulies;2015;Salle;C;H;CO;8699
Junior Femme Poulies;2015;Salle;J;F;CO;8683
Junior Homme Poulies;2015;Salle;J;H;CO;8684
Senior Femme Poulies;2015;Salle;S;F;CO;8685
Senior Homme Poulies;2015;Salle;S;H;CO;8686
Vétéran Femme Poulies;2015;Salle;V;F;CO;8687
Vétéran Homme Poulies;2015;Salle;V;H;CO;8688
Super Vétéran Femme Poulies;2015;Salle;SV;F;CO;8689
Super Vétéran Homme Poulies;2015;Salle;SV;H;CO;8690
Benjamin Femme Arc classique;2015;Fita;B;F;CL;9149
Benjamin Homme Arc classique;2015;Fita;B;H;CL;9150
Minime Femme Arc classique;2015;Fita;M;F;CL;9151
Minime Homme Arc classique;2015;Fita;M;H;CL;9152
Cadet Femme Arc classique;2015;Fita;C;F;CL;9153
Cadet Homme Arc classique;2015;Fita;C;H;CL;9154
Junior Femme Arc classique;2015;Fita;J;F;CL;9155
Junior Homme Arc classique;2015;Fita;J;H;CL;9156
Vétéran Femme Arc classique;2015;Fita;V;F;CL;9159
Vétéran Homme Arc classique;2015;Fita;V;H;CL;9160
Super Vétéran Femme Arc classique;2015;Fita;SV;F;CL;9161
Super Vétéran Homme Arc classique;2015;Fita;SV;H;CL;9162
Scratch Femme Classique;2015;Fita;SC;F;CL;9259
Scratch Homme Classique;2015;Fita;SC;H;CL;9260
Cadet Femme Arc a poulies;2015;Fita;C;F;CO;9174
Cadet Homme Arc a poulies;2015;Fita;C;H;CO;9171
Junior Femme Arc à Poulies;2015;Fita;J;F;CO;9163
Junior Homme Arc à Poulies;2015;Fita;J;H;CO;9164
Vétéran Femme Arc à Poulies;2015;Fita;V;F;CO;9167
Vétéran Homme Arc à Poulies;2015;Fita;V;H;CO;9168
Super Vétéran Femme Arc à Poulies;2015;Fita;SV;F;CO;9169
Super Vétéran Homme Arc à Poulies;2015;Fita;SV;H;CO;9170
Scratch Femme Poulies;2015;Fita;SC;F;CO;9261
Scratch Homme Poulies;2015;Fita;SC;H;CO;9262
Benjamin Femme Bare Bow;2015;3D;B;F;BB;9017
Benjamin Homme Bare Bow;2015;3D;B;H;BB;9018
Minime Femme Bare Bow;2015;3D;M;F;BB;9019
Minime Homme Bare Bow;2015;3D;M;H;BB;9020
Cadet Femme Bare Bow;2015;3D;C;F;BB;9021
Cadet Homme Bare Bow;2015;3D;C;H;BB;9022
Junior Femme Bare Bow;2015;3D;J;F;BB;9023
Junior Homme Bare Bow;2015;3D;J;H;BB;9024
Senior Femme Bare Bow;2015;3D;S;F;BB;9025
Senior Homme Bare Bow;2015;3D;S;H;BB;9026
Vétéran Femme Bare Bow;2015;3D;V;F;BB;9027
Vétéran Homme Bare Bow;2015;3D;V;H;BB;9028
Junior Femme Arc Droit;2015;3D;J;F;AD;9055
Junior Homme Arc Droit;2015;3D;J;H;AD;9056
Senior Femme Arc Droit;2015;3D;S;F;AD;9029
Senior Homme Arc Droit;2015;3D;S;H;AD;9030
Vétéran Femme Arc droit;2015;3D;V;F;AD;9075
Vétéran Homme Arc droit;2015;3D;V;H;AD;9076
Junior Femme Arc Chasse;2015;3D;J;F;AC;9063
Junior Homme Arc Chasse;2015;3D;J;H;AC;9064
Senior Femme Arc Chasse;2015;3D;S;F;AC;9031
Senior Homme Arc Chasse;2015;3D;S;H;AC;9032
Vétéran Homme Arc Chasse;2015;3D;V;H;AC;9078
Vétéran Femme Arc Chasse;2015;3D;V;F;AC;9077
Cadet Femme Arc Libre;2015;3D;C;F;AL;9071
Cadet Homme Arc Libre;2015;3D;C;H;AL;9072
Junior Femme Arc Libre;2015;3D;J;F;AL;9033
Junior Homme Arc Libre;2015;3D;J;H;AL;9034
Senior Femme Arc Libre;2015;3D;S;F;AL;9035
Senior Homme Arc Libre;2015;3D;S;H;AL;9036
Vétéran Femme Arc libre;2015;3D;V;F;AL;9079
Vétéran Homme Arc libre;2015;3D;V;H;AL;9080
Junior Femme Arc à Poulies Nu;2015;3D;J;F;PN;9041
Junior Homme Arc à Poulies Nu;2015;3D;J;H;PN;9042
Senior Femme Arc à Poulies Nu;2015;3D;S;F;PN;9043
Senior Homme Arc à Poulies Nu;2015;3D;S;H;PN;9044
Vétéran Homme Arc à Poulies Nu;2015;3D;V;H;PN;9046
Vétéran Femme Arc à Poulies Nu;2015;3D;V;F;PN;9045
